Unnamed: 0,Smiles,pvalue,class,ring_count
CHEMBL3286736,Nc1ccc(-c2ccc(F)cc2)cc1NC(=O)c1ccc(N2CCC3(CC2)CNC(=O)O3)nc1,7.7,1,5
CHEMBL409493,Nc1ccccc1NC(=O)c1ccc(C2CCN(Cc3ccc(C(=O)NC4CC4)cc3)CC2)cc1,7.24,1,5
CHEMBL3670674,Nc1ccccc1NC(=O)c1ccc(CNC(=O)c2[nH]c(-c3ccsc3)cc2-c2ccc(O)cc2)cc1,7.15,1,5
CHEMBL3827317,CCn1c(CN(C)c2ncc(C(=O)NO)cn2)nc2c(N3CCOCC3)nc(-c3ccc(OC)nc3)nc21,8.8,1,5
CHEMBL2312460,Cc1nc2ccccn2c1-c1ccnc(NCCc2ccc(C(=O)Nc3ccccc3N)cc2)n1,6.88,1,5
CHEMBL2312465,Nc1ccccc1NC(=O)c1ccc(CNc2nccc(-c3cnc4ccccn34)n2)cc1,7.28,1,5
CHEMBL237782,Nc1ccccc1NC(=O)c1ccc(N2CCN(C(=O)OCc3ccccc3)c3ccccc32)nc1,7.04,1,5
CHEMBL3664136,Nc1ccc(-c2ccccc2)cc1NC(=O)c1ccc(CN2C(=O)OC[C@H]2c2ccccc2)cc1,7.24,1,5
CHEMBL385550,COC(=O)CCCCC[C@H](NC(=O)Cc1c(C)[nH]c2ccc(OC)cc12)C(=O)NCCc1c(-c2ccccc2)[nH]c2ccccc12,6.82,1,5
CHEMBL3895838,CCOc1ccc(CC2CCN(c3ncc(C(=O)NO)cn3)CC2)cc1-c1nc2c(CC)nn(C)c2c(=O)[nH]1,7.2,1,5
CHEMBL393389,Nc1ccccc1NC(=O)c1ccc(N2CCn3c(Cc4ccccc4)cnc3C2)nc1,6.65,1,5
CHEMBL254519,Nc1ccccc1NC(=O)c1ccc(CNc2nc3ccc(OCCN4CCOCC4)cc3s2)cc1,6.609999999999999,1,5
CHEMBL3735212,CC[C@H]1OC(=O)[C@H](C)C(=O)[C@H](C)[C@@H](O[C@@H]2O[C@H](C)C[C@H](N(C)Cc3cccc(-c4cn(CCCCCC(=O)NO)nn4)c3)[C@H]2O)[C@@](C)(OC)C[C@@H](C)C2=NCCN3C(=O)O[C@@]1(C)[C@H]3[C@H]2C,6.96,1,6
CHEMBL472252,Cn1cnc(-c2ccc(N)c(NC(=O)c3ccc(N4CCC5(CCNC5)CC4)nc3)c2)c1,7.66,1,5
CHEMBL237559,Nc1ccccc1NC(=O)c1ccc(N2CC3CCC2CN3C(=O)OCc2ccccc2)nc1,7.17,1,6
CHEMBL3944342,COCCNc1ccc2cc(C(=O)Nc3cc(-c4ccccc4)ccc3N)cnc2c1C1CC1,6.94,1,5
CHEMBL3664130,O=C(Nc1cc(-c2ccccc2)ccc1O)c1ccc(CN2CCCC2c2ccccn2)cc1,6.55,1,5
CHEMBL401751,Nc1ccccc1NC(=O)c1ccc(CNc2nc(NCCN3CCOCC3)nc(NC3Cc4ccccc4C3)n2)cc1,7.16,1,6
CHEMBL3827865,CN(Cc1nc2c(N3CCOCC3)nc(-c3ccc(S(C)(=O)=O)cc3)nc2n1C)c1ncc(C(=O)NO)cn1,9.07,1,5
CHEMBL2312466,Nc1ccccc1NC(=O)c1ccc(CNc2nccc(-c3cnc4ncccn34)n2)cc1,7.46,1,5
CHEMBL445506,COc1ccc2[nH]c(C)c(CC(=O)N[C@@H](CCCCCC(=O)NO)c3ncc(-c4ccc5ccccc5c4)[nH]3)c2c1,8.52,1,5
CHEMBL521193,Nc1ccc(-c2cccs2)cc1NC(=O)c1ccc(N2CCC3(CC2)C(=O)NCN3c2ccccc2)nc1,7.57,1,6
CHEMBL3577697,CN1c2ccc(NCc3ccc(-c4nnc(CCCCCCC(=O)NO)o4)cc3)cc2C(=O)N2CCc3c([nH]c4ccc(O)cc34)C21,7.05,1,7
CHEMBL473478,Nc1ccc(-c2ccc(F)cc2)cc1NC(=O)c1ccc(CN2CCC3(CCNC3)CC2)cc1,7.89,1,5
CHEMBL474890,Nc1ccc(-c2cccs2)cc1NC(=O)c1ccc(CN2CCC3(CCCN3)CC2)cc1,8.4,1,5
CHEMBL4299449,CC[C@H]1OC(=O)[C@H](C)[C@@H](O[C@@H]2C[C@](C)(OC)[C@H](O)[C@@H](C)O2)[C@H](C)[C@@H](O[C@@H]2O[C@H](C)C[C@H](N(C)C)[C@H]2O)[C@@](C)(O)C[C@@H](C)CN(Cc2ccc(-c3cn(CCCCCC(=O)NO)nn3)cc2)[C@@H](C)[C@@H](O)[C@]1(C)O,6.84,1,5
CHEMBL2347011,C[C@H]1C=C2C=C[C@H](C)[C@H](CC[C@@H]3C[C@@H](O[Si](C)(C)C(C)(C)C)CC(=O)O3)[C@H]2[C@@H](OC(=O)NCc2ccc(-c3cn(CCCCCCC(=O)NO)nn3)cc2)C1,6.9,1,5
CHEMBL3809599,CCC(=O)CCCCC[C@H](NC(=O)C12CCN(CC1)CC2)c1ncc(-c2ccc3ccccc3c2)[nH]1,8.85,1,6
CHEMBL3827296,CN(C)c1ccc(-c2nc(N3CCOCC3)c3nc(CN(C)c4ncc(C(=O)NO)cn4)n(C)c3n2)cc1,9.09,1,5
CHEMBL3891420,O=C(NO)c1cnc(NC2(c3ccccc3)CCN(C(=O)Cc3c[nH]c4ccccc34)CC2)nc1,8.52,1,5
CHEMBL3827281,COc1ccc(-c2nc(N3CCOCC3)c3nc(CN(C)c4ncc(C(=O)NO)cn4)n(C)c3n2)cn1,9.0,1,5
CHEMBL3902778,O=C(CCCCCCn1cc(-c2ccc3ncnc(Nc4ccc(OCc5nccs5)c(Cl)c4)c3c2)nn1)NO,8.25,1,5
CHEMBL3828492,CN(Cc1nc2c(N3CCOCC3)nc(-c3cccc(O)c3)nc2n1C)c1ncc(C(=O)NO)cn1,9.26,1,5
CHEMBL2408782,Nc1ncnc2c1c(-c1ccc(Cl)cc1)nn2-c1cccc(-c2cnnn2Cc2cccc(/C=C/C(=O)NO)c2)c1,7.64,1,6
CHEMBL3577693,CN1c2ccc(NCc3ccc(-c4noc(CCCCC(=O)NO)n4)cc3)cc2C(=O)N2CCc3c([nH]c4ccc(O)cc34)C21,6.72,1,7
CHEMBL460569,COc1ccc2[nH]c(C)c(CC(=O)N[C@@H](CCCCCC(=O)Nc3ccccc3N)c3ncc(-c4ccc5ccccc5c4)[nH]3)c2c1,6.96,1,6
CHEMBL4299370,CC[C@@H]1OC(=O)[C@@H](C)[C@H](O[C@H]2C[C@@](C)(OC)[C@](O)(CN(C)Cc3ccc(-c4cn(CCCCCCC(=O)NO)nn4)cc3)[C@H](C)O2)[C@H](C)[C@H](O[C@@H]2O[C@H](C)C[C@H](N(C)C)[C@H]2O)[C@@](C)(OC)C[C@H](C)C(=O)[C@@H](C)[C@@H](O)[C@@]1(C)O,7.62,1,5
CHEMBL4299407,CC[C@@H]1OC(=O)[C@@H](C)[C@H](O[C@@H]2C[C@](C)(OC)[C@@](O)(CN(C)C)[C@@H](C)O2)[C@H](C)[C@H](O[C@@H]2O[C@H](C)C[C@H](N(C)Cc3ccc(-c4cn(CCCCCCC(=O)NO)nn4)cc3)[C@H]2O)[C@@](C)(OC)C[C@H](C)C(=O)[C@@H](C)[C@@H](O)[C@@]1(C)O,7.48,1,5
CHEMBL4299417,CC[C@H]1OC(=O)[C@@H](C)[C@H](O[C@H]2C[C@@](C)(OC)[C@@H](O)[C@H](C)O2)[C@H](C)[C@H](O[C@H]2O[C@@H](C)C[C@@H](N(C)Cc3ccc(-c4cn(CCCCCCC(=O)NO)nn4)cc3)[C@@H]2O)[C@@](C)(O)C[C@H](C)CN(C)[C@@H](C)[C@H](O)[C@@]1(C)O,7.16,1,5
CHEMBL4299419,CC[C@@H]1OC(=O)[C@H](C)[C@@H](O[C@@H]2C[C@](C)(OC)[C@H](O)[C@@H](C)O2)[C@@H](C)[C@@H](O[C@@H]2O[C@H](C)C[C@H](N(C)Cc3cccc(-c4cn(CCCCCCC(=O)NO)nn4)c3)[C@H]2O)[C@](C)(O)C[C@@H](C)CN(C)[C@H](C)[C@@H](O)[C@]1(C)O,7.0,1,5
CHEMBL2023529,COc1cccc2c1C(=O)c1c(O)c3c(c(O)c1C2=O)C[C@@](O)(C(C)=O)C[C@@H]3O[C@H]1C[C@H](NCc2ccc(-c3cn(CCCCCCC(=O)NO)nn3)cc2)[C@H](O)[C@H](C)O1,8.1,1,7
CHEMBL3828636,CN(Cc1nc2c(N3CCOCC3)nc(-c3cccnc3)nc2n1C)c1ncc(C(=O)NO)cn1,9.31,1,5
CHEMBL3939771,O=C(CCCCCn1cc(-c2ccc3ncnc(Nc4ccc(OCc5nccs5)c(Cl)c4)c3c2)nn1)NO,8.14,1,5
CHEMBL1791401,CCC(=O)CCCCC[C@@H]1NC(=O)[C@H]2CCCCN2C(=O)[C@H]([C@H](C)CC)NC(=O)[C@H](Cc2cn(CC(=O)NCCCCCCNC(=O)CCSSCCNC(=O)C(CCCCNC(=O)CCCCC3SCC4NC(=O)NC43)NC(=O)c3ccc(N=[N+]=[N-])cc3)c3ccccc23)NC1=O,7.7,1,7
CHEMBL3922439,Nc1ccc(-c2ccccc2)cc1NC(=O)c1ccc2c(cnn2CCN2CCOCC2)c1,8.13,1,5
CHEMBL4237494,CCc1c2c(nc3ccc(O)cc13)-c1cc3c(c(=O)n1C2)COC(=O)[C@@]3(CC)OC(=O)CCCCCC(=O)NO,6.96,1,5
CHEMBL2022829,O=C(N[C@@H](CCCCCCSSc1ccccn1)C(=O)OCC1c2ccccc2-c2ccccc21)OCc1ccccc1,8.12,1,5
CHEMBL400919,Nc1ccccc1NC(=O)c1ccc(C(C(=O)Nc2ccc3c(c2)OCCO3)C(=O)Nc2ccc3c(c2)OCCO3)cc1,7.68,1,6
CHEMBL1957463,Nc1ccc(-c2cccs2)cc1NC(=O)c1ccc(CN(CCO)Cc2ccc3c(c2)OCO3)cc1,7.22,1,5
CHEMBL471399,CC(=O)N1CCC2(CCCN(c3ccc(C(=O)Nc4cc(-c5cccs5)ccc4N)cn3)C2)C1,8.1,1,5
CHEMBL3736314,CC[C@H]1OC(=O)[C@H](C)C(=O)[C@H](C)[C@@H](O[C@@H]2O[C@H](C)C[C@H](N(C)Cc3cccc(-c4cn(CCCCCCC(=O)NO)nn4)c3)[C@H]2O)[C@@](C)(OC)C[C@@H](C)C2=NCCN3C(=O)O[C@@]1(C)[C@H]3[C@H]2C,7.26,1,6
CHEMBL3577699,CN1c2ccc(NC(=O)CCCCC(=O)NO)cc2C(=O)N2CCc3c([nH]c4ccc(O)cc34)C21,6.56,1,5
CHEMBL3286734,Cc1csc(-c2ccc(N)c(NC(=O)c3ccc(N4CCC5(CC4)CNC(=O)O5)nc3)c2)c1,7.85,1,5
CHEMBL4078014,O=C(/C=C/c1ccc(CN2CCN(C(=O)c3cc(Cc4n[nH]c(=O)c5ccccc45)ccc3F)CC2)cc1)NO,7.42,1,5
CHEMBL3589356,Cc1ccccc1OS(=O)(=O)C1CC2OC1C(c1ccc(NC(=O)CCCCCCC(=O)O)cc1)=C2c1ccc(O)cc1,7.66,1,5
CHEMBL3827517,CN(Cc1nc2c(N3CCOCC3)nc(-c3ccncc3)nc2n1C)c1ncc(C(=O)NO)cn1,9.26,1,5
CHEMBL216641,COc1ccc2[nH]c(C)c(CC(=O)N[C@@H](CCCCCC(=O)NO)C(=O)NCCc3c(-c4ccccc4)[nH]c4ccccc34)c2c1,9.1,1,5
CHEMBL3577704,CN1c2ccc(NC(=O)CCCCCCC(=O)NO)cc2C(=O)N2CCc3c([nH]c4ccc(O)cc34)C21,7.19,1,5
CHEMBL4299467,CC[C@H]1OC(=O)[C@@H](C)[C@H](O[C@H]2C[C@@](C)(OC)[C@](O)(CN(C)C)[C@H](C)O2)[C@H](C)[C@H](O[C@H]2O[C@@H](C)C[C@@H](N(C)Cc3ccc(-c4cn(CCCCCCC(=O)NO)nn4)cc3)[C@@H]2O)[C@@](C)(O)C[C@H](C)CN(C)[C@@H](C)[C@H](O)[C@@]1(C)O,7.1,1,5
CHEMBL2023530,COc1cccc2c1C(=O)c1c(O)c3c(c(O)c1C2=O)C[C@@](O)(C(C)=O)C[C@@H]3O[C@H]1C[C@H](NCc2ccc(-c3cn(CCCCCCCC(=O)NO)nn3)cc2)[C@H](O)[C@H](C)O1,7.96,1,7
CHEMBL270224,[N-]=[N+]=Nc1ccc(C(=O)NC(CCCCNC(=O)CCCCC2SCC3NC(=O)NC32)C(=O)NCCSSCCC(=O)NCCCCCCN(CCc2c[nH]c3ccccc23)Cc2ccc(/C=C/C(=O)NO)cc2)cc1,7.14,1,6
CHEMBL2386907,CCc1c2c(nc3ccc(OCc4cn(CCCCCC(=O)NO)nn4)cc13)-c1cc3c(c(=O)n1C2)COC(=O)[C@]3(O)CC,6.89,1,6
CHEMBL413799,Nc1ccccc1NC(=O)c1ccc(N2CC3CC2CN3Cc2ccccc2)nc1,6.63,1,5
CHEMBL3286733,Nc1ccc(-c2ccsc2)cc1NC(=O)c1ccc(N2CCC3(CC2)CNC(=O)O3)nc1,7.96,1,5
CHEMBL4083211,Nc1ccc(-c2cccs2)cc1NC(=O)c1ccc(CNC(=O)CN2C(=O)C3(OCCCO3)c3cc(Cl)ccc32)cc1,7.64,1,6
CHEMBL2442798,COc1cc([C@@H]2c3cc4c(cc3[C@@H](Nc3cccc(OCCCCCC(=O)NO)c3)[C@H]3COC(=O)[C@@H]32)OCO4)cc(OC)c1O,7.35,1,6
CHEMBL4251261,O=C(CCCCCn1cc(-c2cccc(Nc3c4ccccc4nc4ccccc34)c2)nn1)NO,7.85,1,5
CHEMBL3912393,Nc1ccc(-c2ccccc2)cc1NC(=O)c1ccc2nn(CCN3CCOCC3)cc2c1,7.96,1,5
CHEMBL3828188,COc1ccc(-c2nc(N3CCOCC3)c3nc(CN(C)c4ncc(C(=O)NO)cn4)n(C4CCCC4)c3n2)cn1,7.17,1,6
CHEMBL2386908,CCc1c2c(nc3ccc(OCc4cn(CCCCCCC(=O)NO)nn4)cc13)-c1cc3c(c(=O)n1C2)COC(=O)[C@]3(O)CC,7.3,1,6
CHEMBL513061,Nc1ccc(-c2ccccc2)cc1NC(=O)c1ccc(CN2CCC3(CCNC3)CC2)cc1,7.48,1,5
CHEMBL4299447,CC[C@@H]1OC(=O)[C@@H](C)[C@H](O[C@H]2C[C@@](C)(OC)[C@@H](O)[C@H](C)O2)[C@@H](C)[C@H](O[C@H]2O[C@@H](C)C[C@@H](N(C)C)[C@@H]2O)[C@](C)(O)C[C@H](C)CN(Cc2ccc(-c3cn(CCCCCCC(=O)NO)nn3)cc2)[C@H](C)[C@H](O)[C@@]1(C)O,7.79,1,5
CHEMBL4299468,CC[C@@H]1OC(=O)[C@H](C)[C@@H](O[C@H]2C[C@@](C)(OC)[C@](O)(CN(C)C)[C@H](C)O2)[C@@H](C)[C@@H](O[C@@H]2O[C@H](C)C[C@H](N(C)Cc3ccc(-c4cn(CCCCCC(=O)NO)nn4)cc3)[C@H]2O)[C@](C)(O)C[C@@H](C)CN(C)[C@H](C)[C@@H](O)[C@]1(C)O,6.8,1,5
CHEMBL4299488,CC[C@H]1OC(=O)[C@@H](C)[C@H](O[C@H]2C[C@@](C)(OC)[C@](O)(CN(C)Cc3ccc(-c4cn(CCCCCCC(=O)NO)nn4)cc3)[C@H](C)O2)[C@H](C)[C@H](O[C@H]2O[C@@H](C)C[C@@H](N(C)C)[C@@H]2O)[C@@](C)(O)C[C@H](C)CN(C)[C@@H](C)[C@H](O)[C@@]1(C)O,7.3,1,5
CHEMBL4299491,CC[C@@H]1OC(=O)[C@@H](C)[C@H](O[C@H]2C[C@@](C)(OC)[C@@H](O)[C@H](C)O2)[C@H](C)[C@H](O[C@@H]2O[C@H](C)C[C@H](N(C)Cc3ccc(-c4cn(CCCCCCC(=O)NO)nn4)cc3)[C@H]2O)[C@@](C)(OC)C[C@H](C)C(=O)[C@@H](C)[C@@H](O)[C@@]1(C)O,6.68,1,5
CHEMBL452365,CNC(=O)CCCCC[C@H](NC(=O)Cc1c(C)[nH]c2ccc(OC)cc12)c1ncc(-c2ccc3ccccc3c2)[nH]1,6.92,1,5
CHEMBL474015,Nc1ccccc1NC(=O)c1ccc(C(=O)Nc2cccc(Nc3ncc(-c4cccnc4)s3)c2)cc1,6.64,1,5
CHEMBL3981202,Nc1ccc(-c2ccccc2)cc1NC(=O)c1ccc2c(c1)cc(C1CC1)n2CCN1CCOCC1,7.82,1,6
CHEMBL472261,Nc1ccc(-c2cccs2)cc1NC(=O)c1ccc(N2CCC3(CCN(CC(F)(F)F)C3)CC2)nc1,7.77,1,5
CHEMBL4282185,O=C(NO)c1ccc(CNc2cc3c([nH]c4ccccc43)c(-c3cccc([N+](=O)[O-])c3)n2)cc1,7.39,1,5
CHEMBL4288953,Cc1ccc(-c2nc(NCc3ccc(C(=O)NO)cc3)cc3c2[nH]c2ccccc23)cc1,8.55,1,5
CHEMBL514503,Nc1ccc(-c2ccc(F)cc2)cc1NC(=O)c1ccc(C(=O)N2CCC3(CCCN3)CC2)cc1,7.92,1,5
CHEMBL3700344,COc1cc2ncnc(Nc3ccc(C(=O)Nc4cc(-c5cccs5)ccc4N)cc3)c2cc1OC,6.75,1,5
CHEMBL453396,CONC(=O)CCCCC[C@H](NC(=O)Cc1c(C)[nH]c2ccc(OC)cc12)c1ncc(-c2ccc3ccccc3c2)[nH]1,7.47,1,5
CHEMBL4244419,COc1ccc2nc3cc(Cl)ccc3c(Nc3cccc(-c4cn(CCCCCC(=O)NO)nn4)c3)c2c1,6.65,1,5
CHEMBL4095245,COc1ccc(C(=O)N[C@@H](Cc2c[nH]c3ccccc23)C(=O)Nc2ccc(C(=O)Nc3ccc(F)cc3N)cc2)cc1,7.04,1,5
CHEMBL3936651,CCOc1ccc(OC2CCN(c3ncc(C(=O)NO)cn3)CC2)cc1-c1nc2c(CC)nn(C)c2c(=O)[nH]1,7.18,1,5
CHEMBL515292,Nc1ccccc1NC(=O)c1ccc(CNc2nccc(-c3cccc(OCCN4CCOCC4)c3)n2)cc1,6.85,1,5
CHEMBL2442692,COc1cc([C@@H]2c3cc4c(cc3[C@@H](Nc3cccc(OCCCCCCCC(=O)NO)c3)[C@H]3COC(=O)[C@@H]32)OCO4)cc(OC)c1O,7.41,1,6
CHEMBL3577691,CN1c2ccc(NCc3ccc(NC(=O)CCCCCCC(=O)NO)cc3)cc2C(=O)N2CCc3c([nH]c4ccc(O)cc34)C21,7.52,1,6
CHEMBL2442790,COc1cc([C@@H]2c3cc4c(cc3[C@@H](Nc3cccc(NC(=O)CCCCCCC(=O)NO)c3)[C@H]3COC(=O)[C@@H]32)OCO4)cc(OC)c1O,7.0,1,6
CHEMBL4244887,COc1ccc2nc3cc(Cl)ccc3c(Nc3ccc(-c4cn(CCCCCC(=O)NO)nn4)cc3)c2c1,6.51,1,5
CHEMBL3827548,CC(C)n1c(CN(C)c2ncc(C(=O)NO)cn2)nc2c(N3CCOCC3)nc(-c3cnc(N)nc3)nc21,6.62,1,5
CHEMBL3415974,Nc1nc2ncc(CNc3ccc(C(=O)N[C@@H](CCC(=O)NCCCCCCCCC(=O)Nc4cc(-c5cccs5)ccc4N)C(=O)O)cc3)nc2c(=O)[nH]1,6.51,1,5
CHEMBL4090313,Nc1ccccc1NC(=O)c1ccc(CNC(=O)CN2C(=O)C3(OCCCO3)c3cc(Cl)ccc32)cc1,6.86,1,5
CHEMBL487346,Nc1ccccc1NC(=O)c1ccc(N2CCC3(CC2)C(=O)NCN3c2ccccc2)nc1,7.41,1,5
CHEMBL475692,Nc1ccc(-c2ccccc2)cc1NC(=O)c1ccc(CN2CCC3(CCCN3)CC2)cc1,8.1,1,5
CHEMBL471824,Nc1ccc(-c2ccccc2)cc1NC(=O)c1ccc(N2CCC3(CCNC3)CC2)nc1,7.96,1,5
CHEMBL3930762,Cc1ccc(Oc2ccc(Nc3ncnc4ccc(-c5cn(CCCCCC(=O)NO)nn5)cc34)cc2C)cn1,8.16,1,5
CHEMBL3826997,CCNc1ccc(-c2nc(N3CCOCC3)c3nc(CN(C)c4ncc(C(=O)NO)cn4)n(C)c3n2)cc1,8.96,1,5
CHEMBL466215,COc1ccc2[nH]c(C)c(CC(=O)N[C@@H](CCCCCC(N)=O)c3ncc(-c4ccc5ccccc5c4)[nH]3)c2c1,7.52,1,5
CHEMBL2408777,Nc1ncnc2c1c(-c1ccc(Cl)cc1)nn2-c1cccc(-c2cn(CCCCCC(=O)NO)nn2)c1,9.21,1,5
CHEMBL2401845,C[C@]12CC[C@@H]3c4ccc(O)cc4CC[C@H]3[C@@H]1CC[C@@]2(O)c1cn(CCCCCC(=O)NO)nn1,7.12,1,5
CHEMBL3899844,Nc1ccc(-c2cccs2)cc1NC(=O)c1ccc2nc(N3CCNCC3)cnc2c1,8.15,1,5
CHEMBL3314869,Nc1ccccc1NC(=O)c1ccc(Cc2nnc(Cc3cccc4ccccc34)o2)cc1,6.7,1,5
CHEMBL3952143,Nc1ccc(-c2cccs2)cc1NC(=O)c1cnc2c(c1)cc(C1CC1)n2CCN1CCOCC1,8.22,1,6
CHEMBL515432,Cc1ccc(NC(=O)c2ccc(C(=O)Nc3ccccc3N)cc2)cc1Nc1ncc(-c2cccnc2)s1,6.77,1,5
CHEMBL3914604,Nc1ccc(-c2ccncc2)cc1NC(=O)c1cnc2c(c1)cc(C1CC1)n2CCN1CCOCC1,7.57,1,6
CHEMBL3923840,CCOc1ccc(CN2CCN(c3ncc(C(=O)NO)cn3)CC2)cc1-c1nc2c(CC)nn(C)c2c(=O)[nH]1,7.85,1,5
CHEMBL3415973,Nc1nc2ncc(CNc3ccc(C(=O)N[C@@H](CCC(=O)NCCCCCCCC(=O)Nc4cc(-c5cccs5)ccc4N)C(=O)O)cc3)nc2c(=O)[nH]1,6.54,1,5
CHEMBL1643325,Nc1ccccc1NC(=O)/C=C/c1ccc(C(NCCN2CCCCC2)C(=O)Nc2ccc(-c3ccc(C4CC4)cc3)cc2)cc1,7.3,1,6
CHEMBL3828628,CN(Cc1nc2c(N3CCOCC3)nc(-c3cnc4ccccc4c3)nc2n1C)c1ncc(C(=O)NO)cn1,8.8,1,6
CHEMBL3286737,Cn1cc(-c2ccc(N)c(NC(=O)c3ccc(N4CCC5(CC4)CNC(=O)O5)nc3)c2)cn1,7.75,1,5
CHEMBL2442795,COc1cc([C@@H]2c3cc4c(cc3[C@@H](Nc3cccc(OCCCCC(=O)NO)c3)[C@H]3COC(=O)[C@@H]32)OCO4)cc(OC)c1O,7.03,1,6
CHEMBL3218000,C#Cc1cccc(Nc2ncnc3ccc(OCc4ccc(C(=O)Nc5ccccc5N)cc4)cc23)c1,7.39,1,5
CHEMBL4278715,COc1cc(-c2nc(NCc3ccc(C(=O)NO)cc3)cc3c2[nH]c2ccccc23)cc(OC)c1OC,8.33,1,5
CHEMBL393117,Nc1ccccc1NC(=O)c1ccc(N2CC3CCC2CN3C(=O)OCc2cccnc2)nc1,7.04,1,6
CHEMBL4204833,Cn1cc(-c2ccc(=O)n(CCOc3ccnc4cc(OCCCOc5ccc(C(=O)Nc6ccccc6N)nc5)ccc34)n2)cn1,7.42,1,6
CHEMBL3577694,CN1c2ccc(NCc3ccc(-c4noc(CCCCCCC(=O)NO)n4)cc3)cc2C(=O)N2CCc3c([nH]c4ccc(O)cc34)C21,7.62,1,7
CHEMBL3828180,CN(Cc1nc2c(N3CCOCC3)nc(-c3ccc4c(c3)OCO4)nc2n1C)c1ncc(C(=O)NO)cn1,9.01,1,6
CHEMBL474046,Cc1ccc(NC(=O)c2ccc(C(=O)Nc3ccccc3N)nc2)cc1Nc1ncc(-c2cccnc2)s1,6.51,1,5
CHEMBL514304,Nc1ccc(-c2ccsc2)cc1NC(=O)c1ccc(CN2CCC3(CCCN3)CC2)cc1,8.1,1,5
CHEMBL4085511,COc1ccc(C(=O)N[C@@H](Cc2c[nH]c3ccccc23)C(=O)NCc2ccc(C(=O)Nc3ccccc3N)cc2)cc1,7.388333333333333,1,5
CHEMBL3968157,COCCNc1cc2ncc(C(=O)Nc3cc(-c4cccs4)ccc3N)cc2cc1C1CC1,7.05,1,5
CHEMBL1096981,C[C@H](O)C(=O)CCCCC[C@@H]1NC(=O)[C@H]2CCCN2C(=O)[C@H](Cc2ccccc2)NC(=O)[C@H](Cc2c[nH]c3ccccc23)NC1=O,7.17,1,5
CHEMBL4209005,Cn1cc(-c2ccc(=O)n(CCOc3ccnc4cc(OCCCCCC(=O)Nc5ccccc5N)ccc34)n2)cn1,6.66,1,5
CHEMBL3827612,CCn1c(CN(C)c2ncc(C(=O)NO)cn2)nc2c(N3CCOCC3)nc(-c3ccc(N)cc3)nc21,8.86,1,5
CHEMBL241551,COc1ccc(Cn2c(=O)n(Cc3ccc(C(=O)Nc4ccccc4N)cc3)c(=O)c3ccccc32)cc1,7.0,1,5
CHEMBL2312456,Nc1ccccc1NC(=O)c1ccc(CNc2nccc(-c3cnc4cnccn34)n2)cc1,6.96,1,5
CHEMBL3827881,CC(C)n1c(CN(C)c2ncc(C(=O)NO)cn2)nc2c(N3CCOCC3)nc(-c3ccc(N)cc3)nc21,6.78,1,5
CHEMBL3970984,CCCc1nn(C)c2c(=O)[nH]c(-c3cc(S(=O)(=O)N4CCN(c5ncc(C(=O)NO)cn5)CC4)ccc3OCC)nc12,8.1,1,5
CHEMBL511797,Nc1ccc(-c2ccsc2)cc1NC(=O)c1ccc(N2CCC3(CCNC3)CC2)nc1,8.0,1,5
CHEMBL2401846,C[C@]12CC[C@@H]3c4ccc(O)cc4CC[C@H]3[C@@H]1CC[C@@]2(O)c1cn(CCCCCCC(=O)NO)nn1,7.55,1,5
CHEMBL486152,Nc1ccc(-c2cccs2)cc1NC(=O)c1ccc(N2CCC3(CC2)CNC(=O)N3)nc1,8.15,1,5
CHEMBL3589362,O=C(O)CCCCCCC(=O)Nc1ccc(C2=C(c3ccc(O)cc3)C3CC(S(=O)(=O)Oc4ccc(Cl)cc4)C2O3)cc1,6.62,1,5
CHEMBL2023528,COc1cccc2c1C(=O)c1c(O)c3c(c(O)c1C2=O)C[C@@](O)(C(C)=O)C[C@@H]3O[C@H]1C[C@H](NCc2ccc(-c3cn(CCCCCC(=O)NO)nn3)cc2)[C@H](O)[C@H](C)O1,7.27,1,7
CHEMBL4240694,O=C(CCCCCCn1cc(-c2cccc(Nc3c4ccccc4nc4ccccc34)c2)nn1)NO,8.29,1,5
CHEMBL2442693,COc1cc([C@@H]2c3cc4c(cc3[C@@H](Nc3ccccc3OCCCCCCCC(=O)NO)[C@H]3COC(=O)[C@@H]32)OCO4)cc(OC)c1O,6.76,1,6
CHEMBL404054,Nc1nc(NCc2ccc(C(=O)Nc3ccccc3N)cc2)nc(NC2Cc3ccccc3C2)n1,6.7,1,5
CHEMBL401026,Nc1ccccc1NC(=O)c1ccc(N2CC3CC2CN3C(=O)OCc2ccccc2)nc1,7.17,1,5
CHEMBL4062598,COc1ccc(C(=O)N[C@H](CNCc2ccc(C(=O)Nc3ccccc3N)cc2)Cc2c[nH]c3ccccc23)cc1.Cl.Cl,7.52,1,5
CHEMBL511625,Nc1ccc(-c2cccs2)cc1NC(=O)c1ccc(N2CCC3(CC2)CNc2ccccc23)nc1,6.64,1,6
CHEMBL3911796,O=C(CCCCCCn1cc(-c2ccc3ncnc(Nc4ccc(OCc5cccc(F)c5)c(Cl)c4)c3c2)nn1)NO,8.08,1,5
CHEMBL2408781,Nc1ncnc2c1c(-c1ccc(Cl)cc1)nn2-c1cccc(-c2cnnn2Cc2ccc(/C=C/C(=O)NO)cc2)c1,7.46,1,6
CHEMBL2312459,Cc1nc2cnccn2c1-c1ccnc(NCc2ccc(C(=O)Nc3ccccc3N)cc2)n1,7.01,1,5
CHEMBL2312464,Cc1nc2ccc(Br)cn2c1-c1ccnc(NCc2ccc(C(=O)Nc3ccccc3N)cc2)n1,6.9,1,5
CHEMBL2442800,COc1cc([C@@H]2c3cc4c(cc3[C@@H](Nc3ccc(OCCCCCCC(=O)NO)cc3)[C@H]3COC(=O)[C@@H]32)OCO4)cc(OC)c1O,7.54,1,6
CHEMBL2442691,COc1cc([C@@H]2c3cc4c(cc3[C@@H](Nc3ccc(OCCCCCCCC(=O)NO)cc3)[C@H]3COC(=O)[C@@H]32)OCO4)cc(OC)c1O,7.06,1,6
CHEMBL2312462,Cc1nc2ccccn2c1-c1ccnc(NCc2ccc(C(=O)Nc3cc(F)ccc3N)cc2)n1,7.01,1,5
CHEMBL3664132,Nc1ccc(-c2ccccc2)cc1NC(=O)c1ccc(CN2C(=O)OC[C@@H]2c2ccccc2)cc1,7.19,1,5
CHEMBL4176291,O=C(NO)c1ccc(CN2C(=O)c3cccc4c(N5CCOCC5)ccc(c34)C2=O)cc1,7.44,1,5
CHEMBL3828218,CN(Cc1nc2c(N3CCOCC3)nc(-c3ccc(N)cc3)nc2n1C1CCCC1)c1ncc(C(=O)NO)cn1,6.72,1,6
CHEMBL4102475,Nc1ccccc1NC(=O)c1ccc(NC(=O)CN2C(=O)C3(OCCO3)c3cc(Br)ccc32)cc1,7.34,1,5
CHEMBL2407733,Nc1ccccc1NC(=O)c1ccc(CNC2=NC(=O)C(Cc3c[nH]c4ccccc34)N2)cc1,6.72,1,5
CHEMBL3828482,CCn1c(CN(C)c2ncc(C(=O)NO)cn2)nc2c(N3CCOCC3)nc(-c3cnc(N)nc3)nc21,8.58,1,5
CHEMBL513027,Nc1ccc(-c2cccs2)cc1NC(=O)c1ccc(N2CCC3(CC2)NC(=O)NC3=O)nc1,7.8,1,5
CHEMBL3828337,COc1ccc(-c2nc(N3CCOCC3)c3nc(CN(C)c4ncc(C(=O)NO)cn4)n(C(C)C)c3n2)cn1,7.21,1,5
CHEMBL2312458,Cc1nc2ncccn2c1-c1ccnc(NCc2ccc(C(=O)Nc3ccccc3N)cc2)n1,6.9,1,5
CHEMBL4065117,COc1ccc(C(=O)N[C@@H](Cc2c[nH]c3ccccc23)C(=O)NCCCCCC(=O)Nc2cc(-c3cccs3)ccc2N)cc1,7.32,1,5
CHEMBL4241658,CCc1c2c(nc3ccc(O)cc13)-c1cc3c(c(=O)n1C2)COC(=O)[C@@]3(CC)OC(=O)CCCCCCC(=O)NO,7.05,1,5
CHEMBL4092753,Nc1ccccc1NC(=O)c1ccc(NC(=O)CCN2C(=O)C3(OCCCO3)c3cc(Br)ccc32)cc1,7.92,1,5
CHEMBL2408780,Nc1ncnc2c1c(-c1ccc(Cl)cc1)nn2-c1cccc(-c2cnnn2CCCCCCCC(=O)NO)c1,8.01,1,5
CHEMBL3978271,CCCc1nn(C)c2c(=O)[nH]c(-c3cc(NCC4CCN(c5ncc(C(=O)NO)cn5)CC4)ccc3OCC)nc12,6.93,1,5
CHEMBL3919448,O=C(NO)c1ccc(CNC(=O)c2nc(-c3nc4c(s3)CCCC4)sc2C2CC2)cc1,7.1,1,5
CHEMBL3664135,Nc1ccc(-c2ccccc2)cc1NC(=O)c1ccc(CN2C(=O)OC[C@@H]2Cc2ccccc2)cc1,7.02,1,5
CHEMBL3927842,Nc1ccc(-c2cccs2)cc1NC(=O)c1ccc2nc(N3CCNCC3)ccc2c1,8.4,1,5
CHEMBL3827738,CCn1c(CN(C)c2ncc(C(=O)NO)cn2)nc2c(N3CCOCC3)nc(-c3ccc(OC)cc3)nc21,9.0,1,5
CHEMBL486738,Nc1ccccc1NC(=O)c1ccc(N2CCC3(CC2)CNCc2ccccc23)nc1,7.05,1,5
CHEMBL513250,Nc1ccc(-c2cccs2)cc1NC(=O)c1ccc(N2CCC3(CCN(CCO)C3)CC2)nc1,8.22,1,5
CHEMBL2386910,CC[C@@]1(O)C(=O)OCc2c1cc1n(c2=O)Cc2cc3cc(OCc4cn(CCCCC(=O)NO)nn4)ccc3nc2-1,6.94,1,6
CHEMBL475820,Cc1ccc(NC(=O)c2ccc(C(=O)Nc3ccccc3N)cc2)cc1Nc1ncc(-c2cccnc2)cn1,6.57,1,5
CHEMBL258297,Nc1ccccc1NC(=O)c1ccc(CNc2nc(NC3Cc4ccccc4C3)nc(N3CCOCC3)n2)cc1,7.1,1,6
CHEMBL469950,Nc1ccc(-c2cccs2)cc1NC(=O)c1ccc(N2CCC3(CC2)NCNC3=O)nc1,7.96,1,5
CHEMBL399003,Nc1ccccc1NC(=O)c1ccc(N2CC3CC2CN3C(=O)CCc2ccccc2)nc1,6.78,1,5
CHEMBL3921816,COc1cc(Nc2ncnc3ccc(-c4cn(CCCCCC(=O)NO)nn4)cc23)ccc1Oc1ccccc1,7.58,1,5
CHEMBL2442698,COc1cc([C@@H]2c3cc4c(cc3[C@@H](Nc3ccc(NC(=O)CCCCCCC(=O)NO)cc3)[C@H]3COC(=O)[C@@H]32)OCO4)cc(OC)c1O,6.68,1,6
CHEMBL257835,Nc1nc(NCc2ccc(C(=O)Nc3ccccc3N)cc2)nc(N2Cc3ccccc3C2)n1,7.4,1,5
CHEMBL4175555,CS(=O)(=O)Nc1ccc(-c2ccnc(Nc3ccc(N4CCC(C(=O)Nc5ccc(/C=C/C(=O)NO)cc5)CC4)cc3)n2)cc1,6.6,1,5
CHEMBL4290191,CC[C@@]1(O)C(=O)OCc2c1cc1n(c2=O)Cc2c-1nc1ccccc1c2/C=N/OCCCCCC(=O)NCCSSCCNC(=O)/C(Cc1ccc(O)c(Br)c1)=N\O,6.82,1,6
CHEMBL3827894,CN(Cc1nc2c(N3CCOCC3)nc(-c3cnc(N)nc3)nc2n1C)c1ncc(C(=O)NO)cn1,8.98,1,5
CHEMBL384384,COc1ccc2[nH]c(C)c(CC(=O)N[C@@H](CCCCCC(=O)O)C(=O)NCCc3c(-c4ccccc4)[nH]c4ccccc34)c2c1,6.66,1,5
CHEMBL3828486,CN(Cc1nc2c(N3CCOCC3)nc(-c3ccc(C(F)(F)F)cc3)nc2n1C)c1ncc(C(=O)NO)cn1,8.29,1,5
CHEMBL4067828,COc1ccc(C(=O)N[C@@H](Cc2c[nH]c3ccccc23)C(=O)NCc2ccc(C(=O)Nc3cc(-c4cccs4)ccc3N)cc2)cc1,7.23,1,6
CHEMBL3664133,Nc1ccc(-c2ccccc2)cc1NC(=O)c1ccc(CN2C(=O)OC[C@H]2Cc2ccccc2)cc1,7.05,1,5
CHEMBL456213,COc1ccc2[nH]c(C)c(CC(=O)N[C@@H](CCCCCC(=O)N(C)C)c3ncc(-c4ccc5ccccc5c4)[nH]3)c2c1,6.77,1,5
CHEMBL3314868,Nc1ccccc1NC(=O)c1ccc(-c2nnc(Cc3cccc4ccccc34)o2)cc1,6.52,1,5
CHEMBL2023526,COc1cccc2c1C(=O)c1c(O)c3c(c(O)c1C2=O)C[C@@](O)(C(C)=O)C[C@@H]3O[C@H]1C[C@H](NCc2ccc(NC(=O)CCCCCCC(=O)NO)cc2)[C@H](O)[C@H](C)O1,7.33,1,6
CHEMBL473271,Nc1ccc(-c2ccccc2F)cc1NC(=O)c1ccc(CN2CCC3(CCCN3)CC2)cc1,7.8,1,5
CHEMBL4204322,Cn1cc(-c2ccc(=O)n(CCOc3ccnc4cc(Nc5ccc(C(=O)Nc6ccccc6N)nc5)ccc34)n2)cn1,6.89,1,6
CHEMBL3964033,O=C(CCCCCn1cc(-c2ccc3ncnc(Nc4ccc(OCc5cccc(F)c5)c(Cl)c4)c3c2)nn1)NO,7.41,1,5
CHEMBL3979179,CCCc1nn(C)c2c(=O)[nH]c(-c3cc(N(C)C4CCN(c5ncc(C(=O)NO)cn5)CC4)ccc3OCC)nc12,7.6,1,5
CHEMBL1094041,O=C(/C=C/c1ccc(CN2CCCC(c3c(-c4ccccc4)[nH]c4ccccc34)C2)cc1)NO,7.96,1,5
CHEMBL3828070,CN(Cc1nc2c(N3CCOCC3)nc(-c3ccc(C(C)(C)C)cc3)nc2n1C)c1ncc(C(=O)NO)cn1,8.0,1,5
CHEMBL3329621,CC(C)[C@@H]1NC(=O)[C@]2(C)CSC(=N2)c2csc(n2)CNC(=O)C[C@@H](/C=C/CCSSCC/C=C/[C@@H]2CC(=O)NCc3nc(cs3)C3=N[C@@](C)(CS3)C(=O)N[C@@H](C(C)C)C(=O)O2)OC1=O,9.52,1,6
CHEMBL2401843,C[C@]12CC[C@@H]3c4ccc(O)cc4CC[C@H]3[C@@H]1CC[C@@]2(O)c1cn(CCCC(=O)NO)nn1,7.82,1,5
CHEMBL2442802,COc1cc([C@@H]2c3cc4c(cc3[C@@H](Nc3ccccc3OCCCCCCC(=O)NO)[C@H]3COC(=O)[C@@H]32)OCO4)cc(OC)c1O,7.14,1,6
CHEMBL467066,COc1ccc2[nH]c(C)c(CC(=O)N[C@@H](CCCCCC(=O)O)c3ncc(-c4ccc5ccccc5c4)[nH]3)c2c1,7.55,1,5
CHEMBL3286738,Cn1cnc(-c2ccc(N)c(NC(=O)c3ccc(N4CCC5(CC4)CNC(=O)O5)nc3)c2)c1,7.29,1,5
CHEMBL2442791,COc1cc([C@@H]2c3cc4c(cc3[C@@H](Nc3ccc(OCCCC(=O)NO)cc3)[C@H]3COC(=O)[C@@H]32)OCO4)cc(OC)c1O,6.61,1,6
CHEMBL3736342,CC[C@H]1OC(=O)[C@H](C)C(=O)[C@H](C)[C@@H](O[C@@H]2O[C@H](C)C[C@H](N(C)Cc3ccc(-c4cn(CCCCCCC(=O)NO)nn4)cc3)[C@H]2O)[C@@](C)(OC)C[C@@H](C)C2=NCCN3C(=O)O[C@@]1(C)[C@H]3[C@H]2C,7.68,1,6
CHEMBL4064385,Nc1ccccc1NC(=O)c1ccc(Cn2cc(-c3ccc(NC(=O)NCc4cccnc4)cc3)nn2)cc1,7.39,1,5
CHEMBL3589368,O=C(O)CCCCCCC(=O)Nc1ccc(C2=C(c3ccc(O)cc3)C3CC(S(=O)(=O)Oc4ccc5ccccc5c4)C2O3)cc1,6.55,1,6
CHEMBL481998,Nc1ccccc1NC(=O)c1ccc(CNc2nccc(-c3ccc(CN4CCOCC4)cc3)n2)cc1,7.05,1,5
CHEMBL2442801,COc1cc([C@@H]2c3cc4c(cc3[C@@H](Nc3cccc(OCCCCCCC(=O)NO)c3)[C@H]3COC(=O)[C@@H]32)OCO4)cc(OC)c1O,7.96,1,6
CHEMBL1093052,O=C(/C=C/c1ccc(CN2CCCC(c3c(-c4ccccc4)[nH]c4ccccc34)C2)c(F)c1)NO,7.8,1,5
CHEMBL4292354,O=C(NO)c1ccc(CNc2cc3c([nH]c4ccccc43)c(-c3ccccc3)n2)cc1,6.66,1,5
CHEMBL2022828,O=C(N[C@@H](CCCCCCSSc1ccccn1)C(=O)NC1c2ccccc2-c2ccccc21)OCc1ccccc1,7.17,1,5
CHEMBL3286732,Nc1ccc(-c2cccs2)cc1NC(=O)c1ccc(N2CCC3(CC2)CNC(=O)O3)nc1,8.22,1,5
CHEMBL4299411,CC[C@@H]1OC(=O)[C@H](C)[C@@H](O[C@@H]2C[C@](C)(OC)[C@H](O)[C@@H](C)O2)[C@@H](C)[C@@H](O[C@@H]2O[C@H](C)C[C@H](N(C)Cc3cccc(-c4cn(CCCCCC(=O)NO)nn4)c3)[C@H]2O)[C@](C)(O)C[C@@H](C)CN(C)[C@H](C)[C@@H](O)[C@]1(C)O,6.96,1,5
CHEMBL470791,Nc1ccc(-c2cccs2)cc1NC(=O)c1ccc(N2CCC3(CC2)CNC3=O)nc1,7.96,1,5
CHEMBL502965,CCNC(=O)CCCCC[C@H](NC(=O)Cc1c(C)[nH]c2ccc(OC)cc12)c1ncc(-c2ccc3ccccc3c2)[nH]1,7.18,1,5
CHEMBL235652,Nc1ccccc1NC(=O)c1ccc(N2CC3CC2CN3c2ccc(F)cc2)nc1,7.27,1,5
CHEMBL3217993,Nc1ccccc1NC(=O)c1ccc(COc2ccc3ncnc(Nc4cccc(Br)c4)c3c2)cc1,7.13,1,5
CHEMBL400921,Nc1ccccc1NC(=O)c1ccc(C(C(=O)Nc2cccc3cccnc23)C(=O)Nc2cccc3cccnc23)cc1,6.99,1,6
CHEMBL3664104,O=C(Nc1cc(-c2ccccc2)ccc1O)c1ccc(CN2CCc3ccccc3C2)cc1,6.6,1,5
CHEMBL4285608,COc1cccc(-c2nc(NCc3ccc(C(=O)NO)cc3)cc3c2[nH]c2ccccc23)c1,8.15,1,5
CHEMBL3907730,CCCc1nn(C)c2c(=O)[nH]c(-c3cc(NC4CCN(c5ncc(C(=O)NO)cn5)CC4)ccc3OCC)nc12,7.17,1,5
CHEMBL4078716,COc1ccc(C(=O)N[C@@H](Cc2c[nH]c3ccccc23)C(=O)Nc2ccc(C(=O)Nc3cc(-c4cccs4)ccc3N)cc2)cc1,7.44,1,6
CHEMBL3827398,CC(C)=CCN(CC=C(C)C)c1ccc(-c2nc(N3CCOCC3)c3nc(CN(C)c4ncc(C(=O)NO)cn4)n(C)c3n2)cc1,8.0,1,5
CHEMBL3589349,O=C(O)CCCCCCC(=O)Nc1ccc(OS(=O)(=O)C2CC3OC2C(c2ccc(O)cc2)=C3c2ccc(O)cc2)cc1,6.97,1,5
CHEMBL506484,COc1ccc2[nH]c(C)c(CC(=O)N[C@@H](CCCCCC(=O)NS(C)(=O)=O)c3ncc(-c4ccc5ccccc5c4)[nH]3)c2c1,7.33,1,5
CHEMBL471414,CC(=O)N1CCC2(CCN(c3ccc(C(=O)Nc4cc(-c5cccs5)ccc4N)cn3)CC2)C1,8.05,1,5
CHEMBL4105408,COc1ccc(C(=O)N[C@@H](Cc2c[nH]c3ccccc23)C(=O)NCc2ccc(C(=O)Nc3ccc(F)cc3N)cc2)cc1,6.77,1,5
CHEMBL472251,Nc1ccc(-c2cc[nH]n2)cc1NC(=O)c1ccc(N2CCC3(CCNC3)CC2)nc1,7.75,1,5
CHEMBL475796,Cc1ccc(NCc2ccc(C(=O)Nc3ccccc3N)cc2)cc1Nc1nccc(-c2cccnc2)n1,6.68,1,5
CHEMBL257631,Nc1ccccc1NC(=O)c1ccc(CNc2nc(NC3CC3)nc(NC3Cc4ccccc4C3)n2)cc1,7.52,1,6
CHEMBL390991,C[C@@H]1NC(=O)[C@@]2(CCc3ccccc32)NC(=O)[C@H](CCCCCSSc2ccccn2)NC(=O)[C@H]2CCCN2C1=O,8.57,1,5
CHEMBL1630109,O=C(/C=C/c1cccc(-c2ccc3ncnc(Nc4ccc(OCc5cccc(F)c5)c(Cl)c4)c3c2)c1)NO,7.46,1,5
CHEMBL3827780,CCc1ccc(-c2nc(N3CCOCC3)c3nc(CN(C)c4ncc(C(=O)NO)cn4)n(C)c3n2)cc1,8.7,1,5
CHEMBL3664032,Nc1ccccc1NC(=O)c1cc2ccc(N3CCNCC3)c(C3CC3)c2cn1,6.64,1,5
CHEMBL3827794,COc1cc(-c2nc(N3CCOCC3)c3nc(CN(C)c4ncc(C(=O)NO)cn4)n(C)c3n2)cc(OC)c1OC,8.99,1,5
CHEMBL471400,CC(=O)N1CCCC12CCN(c1ccc(C(=O)Nc3cc(-c4cccs4)ccc3N)cn1)CC2,7.64,1,5
CHEMBL3735736,CC[C@H]1OC(=O)[C@H](C)C(=O)[C@H](C)[C@@H](O[C@@H]2O[C@H](C)C[C@H](N(C)Cc3ccc(-c4cn(CCCCCC(=O)NO)nn4)cc3)[C@H]2O)[C@@](C)(OC)C[C@@H](C)C2=NCCN3C(=O)O[C@@]1(C)[C@H]3[C@H]2C,7.14,1,6
CHEMBL470582,CS(=O)(=O)N1CCC2(CCN(c3ccc(C(=O)Nc4cc(-c5cccs5)ccc4N)cn3)CC2)C1,8.1,1,5
CHEMBL2312463,Cc1nc2ccccn2c1-c1ccnc(NCc2ccc(C(=O)Nc3ccc(F)cc3N)cc2)n1,6.87,1,5
CHEMBL3664122,O=C(Nc1cc(-c2ccccc2)ccc1O)c1ccc(CNC2Cc3ccccc3C2)cc1,6.8,1,5
CHEMBL3810162,CNC(=O)CCCCC[C@H](NC(=O)C12CCN(CC1)CC2)c1ncc(-c2cc3ccccc3nc2OC)[nH]1,6.6,1,6
CHEMBL2312461,Nc1ccccc1NC(=O)c1ccc(CCNc2nccc(-c3cnc4ncccn34)n2)cc1,6.81,1,5
CHEMBL4082466,Nc1ccccc1NC(=O)c1ccc(NC(=O)CCN2C(=O)C3(OCCCO3)c3cc(Cl)ccc32)cc1,7.5,1,5
CHEMBL3979782,Nc1ccc(-c2ccccc2)cc1NC(=O)c1cnc2c(C3CC3)c(N3CCOCC3)ccc2c1,6.53,1,6
CHEMBL3286735,Nc1ccc(-c2ccccc2)cc1NC(=O)c1ccc(N2CCC3(CC2)CNC(=O)O3)nc1,7.77,1,5
CHEMBL4280303,CC[C@@]1(O)C(=O)OCc2c1cc1n(c2=O)Cc2c-1nc1ccc(O)cc1c2/C=N/OCCCCCC(=O)NCCSSCCNC(=O)/C(Cc1ccc(O)c(Br)c1)=N\O,6.6,1,6
CHEMBL3936840,Nc1ccc(-c2ccccc2)cc1NC(=O)c1cnc2c(N3CCNCC3)c(C3CC3)ccc2c1,6.99,1,6
CHEMBL400920,Nc1ccccc1NC(=O)c1ccc(C(C(=O)Nc2cccc(N3CCOCC3)c2)C(=O)Nc2cccc(N3CCOCC3)c2)cc1,7.35,1,6
CHEMBL3828135,COc1ccc(-c2nc(N3CCOCC3)c3nc(CN(C)c4ncc(C(=O)NO)cn4)n(C4CCCC4)c3n2)cc1,6.9,1,6
CHEMBL2436596,CC(C)[C@@H]1NC(=O)[C@]2(C)CSC(=N2)c2coc(n2)CNC(=O)C[C@@H](/C=C/CCSSCC/C=C/[C@@H]2CC(=O)NCc3nc(co3)C3=N[C@@](C)(CS3)C(=O)N[C@@H](C(C)C)C(=O)O2)OC1=O,6.82,1,6
CHEMBL470156,Cn1cc(-c2ccc(N)c(NC(=O)c3ccc(N4CCC5(CCNC5)CC4)nc3)c2)cn1,7.44,1,5
CHEMBL3828518,COc1ccc(-c2nc(N3CCOCC3)c3nc(CN(C)c4ncc(C(=O)NO)cn4)n(C)c3n2)cc1,9.35,1,5
CHEMBL473484,Nc1ccc(-c2ccccc2)cc1NC(=O)c1ccc(C(=O)N2CCC3(CCCN3)CC2)cc1,8.1,1,5
CHEMBL238213,Nc1ccccc1NC(=O)c1ccc(N2CCN(C(=O)OCc3ccccc3)C3CCC32)nc1,6.85,1,5
CHEMBL3670669,COc1ccc(-c2cc(-c3ccccc3)[nH]c2C(=O)NCc2ccc(C(=O)Nc3ccccn3)cc2)cc1,7.3,1,5
CHEMBL3218001,C#Cc1cccc(Nc2ncnc3ccc(S(=O)(=O)n4ccc(/C=C/C(=O)Nc5ccccc5N)c4)cc23)c1,7.04,1,5
CHEMBL3827489,CCCc1ccc(-c2nc(N3CCOCC3)c3nc(CN(C)c4ncc(C(=O)NO)cn4)n(C)c3n2)cc1,8.21,1,5
CHEMBL473479,Nc1ccc(-c2cccs2)cc1NC(=O)c1ccc(C(=O)N2CCC3(CCCN3)CC2)cc1,7.96,1,5
CHEMBL511984,Nc1ccc(-c2cccs2)cc1NC(=O)c1ccc(N2CCC3(CC2)CNC(=O)C3)nc1,7.89,1,5
CHEMBL472443,CC(=O)N1CC2(CCN(c3ccc(C(=O)Nc4cc(-c5cccs5)ccc4N)cn3)CC2)C1,7.64,1,5
CHEMBL3670675,Nc1ccccc1NC(=O)c1ccc(CNC(=O)c2[nH]c(-c3ccc(O)cc3)cc2-c2ccoc2)cc1,6.74,1,5
CHEMBL3913445,Nc1ccc(-c2ccccc2)cc1NC(=O)c1cnc2c(ccn2CCN2CCOCC2)c1,8.17,1,5
CHEMBL479279,CN1CCN(c2ccc(-c3ccnc(NCc4ccc(C(=O)Nc5ccccc5N)cc4)n3)cn2)CC1,7.1,1,5
CHEMBL2347010,C[C@H]1C=C2C=C[C@H](C)[C@H](CC[C@@H]3C[C@@H](O[Si](C)(C)C(C)(C)C)CC(=O)O3)[C@H]2[C@@H](OC(=O)Nc2ccc(-c3cn(CCCCCCC(=O)NO)nn3)cc2)C1,6.8,1,5
CHEMBL470798,Nc1ccc(-c2cccs2)cc1NC(=O)c1ccc(N2CCC3(CC2)CCN(c2ncccn2)C3)nc1,7.55,1,6
CHEMBL4244764,CC(Nc1c(NCCCCCC(=O)NO)c(=O)c1=O)C12CC3CC(CC(C3)C1)C2,7.87,1,5
CHEMBL3827056,CN(Cc1nc2c(N3CCOCC3)nc(-c3cc(C(F)(F)F)cc(C(F)(F)F)c3)nc2n1C)c1ncc(C(=O)NO)cn1,7.52,1,5
CHEMBL3971229,Nc1ccc(-c2cccs2)cc1NC(=O)c1cnc2c(C3CC3)c(N3CCNCC3)ccc2c1,8.51,1,6
CHEMBL3827004,CN(Cc1nc2c(N3CCOCC3)nc(-c3cncnc3)nc2n1C)c1ncc(C(=O)NO)cn1,8.94,1,5
CHEMBL4237410,O=C(CCCCCn1cc(-c2ccc(Nc3c4ccccc4nc4ccccc34)cc2)nn1)NO,8.09,1,5
CHEMBL2442797,COc1cc([C@@H]2c3cc4c(cc3[C@@H](Nc3ccc(OCCCCCC(=O)NO)cc3)[C@H]3COC(=O)[C@@H]32)OCO4)cc(OC)c1O,6.68,1,6
CHEMBL235651,Nc1ccccc1NC(=O)c1ccc(N2CC3CC2CN3c2ccc(Cl)cc2)nc1,7.41,1,5
CHEMBL3827650,Cc1ccc(-c2nc(N3CCOCC3)c3nc(CN(C)c4ncc(C(=O)NO)cn4)n(C)c3n2)cc1,9.0,1,5
CHEMBL4299384,CC[C@@H]1OC(=O)[C@@H](C)[C@H](O[C@@H]2C[C@](C)(OC)[C@@](O)(CN(C)C)[C@@H](C)O2)[C@H](C)[C@H](O[C@@H]2O[C@H](C)C[C@H](N(C)Cc3ccc(-c4cn(CCCCCC(=O)NO)nn4)cc3)[C@H]2O)[C@@](C)(OC)C[C@H](C)C(=O)[C@@H](C)[C@@H](O)[C@@]1(C)O,6.7,1,5
CHEMBL4299428,CC[C@@H]1OC(=O)[C@H](C)[C@@H](O[C@@H]2C[C@](C)(OC)[C@@](O)(CN(C)Cc3ccc(-c4cn(CCCCCC(=O)NO)nn4)cc3)[C@@H](C)O2)[C@@H](C)[C@@H](O[C@@H]2O[C@H](C)C[C@H](N(C)C)[C@H]2O)[C@](C)(O)C[C@@H](C)CN(C)[C@H](C)[C@@H](O)[C@]1(C)O,6.69,1,5
CHEMBL4087539,COc1ccc(C(=O)N[C@@H](Cc2c[nH]c3ccccc23)C(=O)NCc2ccc(C(=O)Nc3cc(-c4ccccc4)ccc3N)cc2)cc1,7.23,1,6
CHEMBL437029,C[C@H]1CN(c2ccc(C(=O)Nc3cc(-c4ccccc4)ccc3N)cn2)CCN1C(=O)OCc1ccccc1,7.23,1,5
CHEMBL471219,Nc1ccc(-c2cccs2)cc1NC(=O)c1ccc(N2CCC3(CCN(CC(=O)O)C3)CC2)nc1,7.77,1,5
CHEMBL472442,CC(=O)N1CCC2(CCN(c3ccc(C(=O)Nc4cc(-c5cccs5)ccc4N)cn3)C2)C1,7.92,1,5
CHEMBL2386912,CC[C@@]1(O)C(=O)OCc2c1cc1n(c2=O)Cc2cc3cc(OCc4cn(CCCCCCC(=O)NO)nn4)ccc3nc2-1,7.43,1,6
CHEMBL2408778,Nc1ncnc2c1c(-c1ccc(Cl)cc1)nn2-c1cccc(-c2cnnn2CCCCCC(=O)NO)c1,8.75,1,5
CHEMBL4293448,O=C(NO)c1ccc(CNc2cc3c([nH]c4ccccc43)c(-c3ccc([N+](=O)[O-])cc3)n2)cc1,7.19,1,5
CHEMBL237995,Nc1ccccc1NC(=O)c1ccc(N2CC3CCC(C2)N3C(=O)OCc2ccccc2)nc1,7.09,1,5
CHEMBL3986487,CCCc1nn(C)c2c(=O)[nH]c(-c3cc(S(=O)(=O)NC4CCN(c5ncc(C(=O)NO)cn5)CC4)ccc3OCC)nc12,7.24,1,5
CHEMBL3828408,CN(Cc1nc2c(N3CCOCC3)nc(-c3ccc(Cl)c(C(F)(F)F)c3)nc2n1C)c1ncc(C(=O)NO)cn1,9.0,1,5
CHEMBL473825,Cc1ccc(NC(=O)c2ccc(C(=O)Nc3ccccc3N)s2)cc1Nc1ncc(-c2cccnc2)cn1,6.64,1,5
CHEMBL4299470,CC[C@H]1OC(=O)[C@@H](C)[C@H](O[C@H]2C[C@@](C)(OC)[C@@H](O)[C@H](C)O2)[C@H](C)[C@H](O[C@H]2O[C@@H](C)C[C@@H](N(C)Cc3ccc(-c4cn(CCCCCC(=O)NO)nn4)cc3)[C@@H]2O)[C@@](C)(O)C[C@H](C)CN(C)[C@@H](C)[C@H](O)[C@@]1(C)O,6.5,1,5
CHEMBL3664134,Nc1ccc(-c2cccs2)cc1NC(=O)c1ccc(CN2C(=O)OC[C@H]2Cc2ccccc2)cc1,7.08,1,5
CHEMBL4086561,COc1ccc(C(=O)N[C@@H](Cc2c[nH]c3ccccc23)C(=O)NCCCCCC(=O)Nc2cc(-c3ccccc3)ccc2N)cc1,7.26,1,5
CHEMBL479278,Nc1ccccc1NC(=O)c1ccc(CNc2nccc(-c3ccc(N4CCOCC4)nc3)n2)cc1,7.3,1,5
CHEMBL3828289,COc1ccc(C(F)(F)F)cc1-c1nc(N2CCOCC2)c2nc(CN(C)c3ncc(C(=O)NO)cn3)n(C)c2n1,8.8,1,5
CHEMBL3827660,CN(Cc1nc2c(N3CCOCC3)nc(-c3ccc(N)nc3)nc2n1C)c1ncc(C(=O)NO)cn1,8.96,1,5
CHEMBL471220,NC(=O)CN1CCC2(CCN(c3ccc(C(=O)Nc4cc(-c5cccs5)ccc4N)cn3)CC2)C1,7.89,1,5
CHEMBL4079199,COc1ccc(C(=O)N[C@H](COc2ccc(C(=O)Nc3ccccc3N)cc2)Cc2c[nH]c3ccccc23)cc1,7.83,1,5
CHEMBL516236,Nc1ccccc1NC(=O)c1ccc(CNc2nccc(-c3ccc(OCCN4CCOCC4)cc3)n2)cc1,7.1,1,5
CHEMBL475302,Nc1ccc(-c2ccccc2F)cc1NC(=O)c1ccc(C(=O)N2CCC3(CCCN3)CC2)cc1,7.96,1,5
CHEMBL3982710,COc1cc(Nc2ncnc3ccc(-c4cn(CCCCCCC(=O)NO)nn4)cc23)ccc1Oc1ccccc1,7.89,1,5
CHEMBL520050,Nc1ccccc1NC(=O)c1ccc(N2CCC3(CC2)CNc2ccccc23)nc1,6.89,1,5
CHEMBL513568,Nc1ccc(-c2cccs2)cc1NC(=O)c1ccc(N2CCC3(CCNC3)CC2)nc1,8.1,1,5
CHEMBL3648284,COc1cc(Cn2c(CCc3ccccc3)nc3cc(C4CC4C(=O)NO)ccc32)cc(OC)c1OC,6.53,1,5
CHEMBL473475,Nc1ccc(-c2cccc(F)c2)cc1NC(=O)c1ccc(CN2CCC3(CCCN3)CC2)cc1,7.33,1,5
CHEMBL2408779,Nc1ncnc2c1c(-c1ccc(Cl)cc1)nn2-c1cccc(-c2cnnn2CCCCCCC(=O)NO)c1,9.09,1,5
CHEMBL4065412,Nc1ccccc1NC(=O)c1ccc(Cn2cc(-c3ccc(C(=O)NCc4cccnc4)cc3)nn2)cc1,7.439999999999999,1,5
CHEMBL3827477,COc1ccc(-c2nc(N3CCOCC3)c3nc(CN(C)c4ncc(C(=O)NO)cn4)n(C(C)C)c3n2)cc1,6.96,1,5
CHEMBL470148,Nc1ccc(-c2cccs2)cc1NC(=O)c1ccc(N2CCC3(CCCC3O)CC2)nc1,7.54,1,5
CHEMBL4214018,Cn1cc(-c2ccc(=O)n(CCOc3ccnc4cc(OCc5ccc(C(=O)Nc6ccccc6N)cc5)ccc34)n2)cn1,6.81,1,6
CHEMBL3605506,Nc1ccccc1NC(=O)c1ccc(CNC2=N[C@H](c3ccccc3)[C@H](c3ccccc3)O2)cc1,7.1,1,5
CHEMBL3828164,CN(Cc1nc2c(N3CCOCC3)nc(-c3cnc(N)nc3)nc2n1C1CCCC1)c1ncc(C(=O)NO)cn1,6.52,1,6
CHEMBL3827814,CN(Cc1nc2c(N3CCOCC3)nc(-c3ccc(N)cc3)nc2n1C)c1ncc(C(=O)NO)cn1,9.19,1,5
CHEMBL486770,Nc1ccc(-c2cccs2)cc1NC(=O)c1ccc(N2CCC3(CC2)COC(=O)N3)nc1,8.1,1,5
CHEMBL486737,Nc1ccccc1NC(=O)c1ccc(N2CCC3(CCN(S(=O)(=O)c4ccccc4)C3)C2)nc1,6.92,1,5
CHEMBL480430,Nc1ccccc1NC(=O)c1ccc(CNc2nccc(-c3ccc(C(=O)N4CCOCC4)nc3)n2)cc1,6.6,1,5
CHEMBL3935353,O=C(NO)c1cnc(NC2(c3ccccc3)CCN(C(=O)Cc3cc4ccccc4[nH]3)CC2)nc1,8.0,1,5
CHEMBL3734952,CC[C@H]1OC(=O)[C@H](C)C(=O)[C@H](C)[C@@H](O[C@@H]2O[C@H](C)C[C@H](N(C)Cc3ccc(-c4cn(CCCCC(=O)NO)nn4)cc3)[C@H]2O)[C@@](C)(OC)C[C@@H](C)C2=NCCN3C(=O)O[C@@]1(C)[C@H]3[C@H]2C,6.57,1,6
CHEMBL2312457,Cc1nc2ccccn2c1-c1ccnc(NCc2ccc(C(=O)Nc3ccccc3N)cc2)n1,6.97,1,5
CHEMBL2442799,COc1cc([C@@H]2c3cc4c(cc3[C@@H](Nc3ccccc3OCCCCCC(=O)NO)[C@H]3COC(=O)[C@@H]32)OCO4)cc(OC)c1O,6.84,1,6
CHEMBL470581,CCNC(=O)N1CCC2(CCN(c3ccc(C(=O)Nc4cc(-c5cccs5)ccc4N)cn3)CC2)C1,7.85,1,5
CHEMBL3893822,Cc1ccc(Oc2ccc(Nc3ncnc4ccc(-c5cn(CCCCCCC(=O)NO)nn5)cc34)cc2C)cn1,8.28,1,5
CHEMBL3601776,O=C(COc1ccc(C(=O)NO)cc1)Nc1ccc2ccnc(Nc3ccc4ccccc4c3)c2c1,6.57,1,5
CHEMBL2022834,O=C(N[C@@H](CCCCCCSSc1ccccn1)C(=O)OCc1c2ccccc2cc2ccccc12)OCc1ccccc1,7.23,1,5
CHEMBL393260,C[C@@H]1NC(=O)[C@]2(CCc3ccccc32)NC(=O)[C@H](CCCCCSSc2ccccn2)NC(=O)[C@H]2CCCN2C1=O,7.44,1,5
CHEMBL505469,COc1ccc2[nH]c(C)c(CC(=O)N[C@@H](CCCCCC(=O)NS(=O)(=O)C(F)(F)F)c3ncc(-c4ccc5ccccc5c4)[nH]3)c2c1,7.03,1,5
CHEMBL4066630,CN(C)C(=O)c1cc2cnc(Nc3ccc(N4CCN(C(=O)CCCCCCC(=O)NO)CC4)cn3)nc2n1C1CCCC1,7.41,1,5
CHEMBL4290063,COc1ccc(-c2nc(NCc3ccc(C(=O)NO)cc3)cc3c2[nH]c2ccccc23)cc1OC,8.09,1,5
CHEMBL470147,Nc1ccc(-c2cccs2)cc1NC(=O)c1ccc(N2CCC3(CCCC3=O)CC2)nc1,7.89,1,5
CHEMBL502602,COc1ccc2[nH]c(C)c(CC(=O)N[C@@H](CCCCCC(=O)Nc3ccccc3)c3ncc(-c4ccc5ccccc5c4)[nH]3)c2c1,6.7,1,6
CHEMBL4170975,CCOc1cc(C(C)(C)C)ccc1C1=NC(c2ccc(Cl)cc2)C(c2ccc(Cl)cc2)N1C(=O)N1CCN(c2ncc(C(=O)NO)cn2)CC1,6.51,1,6
CHEMBL394261,C[C@@H]1NC(=O)C2(Cc3ccccc3C2)NC(=O)[C@H](CCCCCSSc2ccccn2)NC(=O)[C@H]2CCCN2C1=O,8.7,1,5
CHEMBL4278270,COc1ccc(-c2nc(NCc3ccc(C(=O)NO)cc3)cc3c2[nH]c2ccccc23)cc1,8.03,1,5
CHEMBL3217998,C#Cc1cccc(Nc2ncnc3ccc(NC(=O)c4ccc(C(=O)Nc5ccccc5N)nc4)cc23)c1,6.51,1,5
CHEMBL4068347,COc1ccc(C(=O)N[C@@H](Cc2c[nH]c3ccccc23)C(=O)Nc2ccc(C(=O)Nc3ccccc3N)cc2)cc1,7.3,1,5
CHEMBL3577696,CN1c2ccc(NCc3ccc(-c4nnc(CCCCC(=O)NO)o4)cc3)cc2C(=O)N2CCc3c([nH]c4ccc(O)cc34)C21,7.03,1,7
CHEMBL4241141,O=C(CCCCCCn1cc(-c2ccc(Nc3c4ccccc4nc4ccccc34)cc2)nn1)NO,8.41,1,5
CHEMBL238212,Nc1ccccc1NC(=O)c1ccc(N2CCn3c(-c4ccccc4)cnc3C2)nc1,6.86,1,5
CHEMBL3951875,Nc1ccc(-c2ccccc2)cc1NC(=O)c1cnc2c(C3CC3)c(N3CCNCC3)ccc2c1,8.11,1,6
CHEMBL269937,Nc1nc(NCc2ccc(C(=O)Nc3ccccc3N)cc2)nc(N2CCc3ccccc32)n1,7.0,1,5
CHEMBL4098136,COc1ccc(C(=O)N[C@H](COc2ccc(/C=C/C(=O)Nc3ccccc3N)cc2)Cc2c[nH]c3ccccc23)cc1,6.55,1,5
CHEMBL469514,Nc1ccc(-c2cccs2)cc1NC(=O)c1ccc(N2CCC3(CCNC3=O)CC2)nc1,7.68,1,5
CHEMBL3983272,CN1CCN(CCn2ncc3cc(C(=O)Nc4cc(-c5ccccc5)ccc4N)ccc32)CC1,8.15,1,5
CHEMBL501319,CCC(=O)CCCCC[C@H](NC(=O)Cc1c(C)[nH]c2ccc(OC)cc12)c1ncc(-c2ccc3ccccc3c2)[nH]1,7.57,1,5
CHEMBL2442794,COc1cc([C@@H]2c3cc4c(cc3[C@@H](Nc3ccc(OCCCCC(=O)NO)cc3)[C@H]3COC(=O)[C@@H]32)OCO4)cc(OC)c1O,6.9,1,6
CHEMBL3622533,COc1ccc(-c2nc(N3CCOCC3)c3sc(CN(C)c4ncc(C(=O)NO)cn4)cc3n2)cn1,8.77,1,5
CHEMBL2000089,O=C1N[C@@H](Cc2ccccc2)C(=O)N2CCC[C@@H]2C(=O)N[C@@H](CCCCCC(=O)[C@@H]2CO2)C(=O)N[C@H]1Cc1ccccc1,9.96,1,5
CHEMBL1801250,O=C(NO)c1cnc(N2C[C@H]3[C@H](NCc4ccc5cc(F)ccc5n4)[C@H]3C2)nc1,8.52,1,5
CHEMBL4299380,CC[C@@H]1OC(=O)[C@@H](C)[C@H](O[C@H]2C[C@@](C)(OC)[C@@H](O)[C@H](C)O2)[C@H](C)[C@H](O[C@@H]2O[C@H](C)C[C@H](N(C)Cc3ccc(-c4cn(CCCCC(=O)NO)nn4)cc3)[C@H]2O)[C@@](C)(OC)C[C@H](C)C(=O)[C@@H](C)[C@@H](O)[C@@]1(C)O,5.31,0,5
CHEMBL1094577,CCC[C@@H](O)Cc1c(Br)c(O)c2c(=O)c3c(O)cc(O)c4c5c(O)cc(O)c6c(=O)c7c(O)c(Br)c(C[C@H](C)O)c8c1c2c(c34)c(c65)c78,4.96,0,8
CHEMBL4294514,CCCN1CC(=O)N2[C@@H](C)c3c(c4ccccc4n3Cc3ccc(C(=O)NO)cc3)C[C@@H]2C1=O,5.98,0,5
CHEMBL3648301,O=C(/C=C/c1ccc2c(c1)nc(CCc1ccccc1)n2C1CCN(Cc2ccccc2)CC1)NO,5.99,0,5
CHEMBL2442789,COc1cc([C@@H]2c3cc4c(cc3[C@@H](Nc3cccc(NC(=O)CCCCCC(=O)NO)c3)[C@H]3COC(=O)[C@@H]32)OCO4)cc(OC)c1O,6.42,0,6
CHEMBL3894057,CCCc1nn(C)c2c(=O)[nH]c(-c3cc(N4CCC5(CCC(C(=O)NO)C5)CC4)ccc3OCC)nc12,4.89,0,5
CHEMBL2442792,COc1cc([C@@H]2c3cc4c(cc3[C@@H](Nc3cccc(OCCCC(=O)NO)c3)[C@H]3COC(=O)[C@@H]32)OCO4)cc(OC)c1O,6.42,0,6
CHEMBL3589701,O=C(CCCCCCC(=O)Nc1ccc(C2=C(c3ccc(O)cc3)C3CC(S(=O)(=O)Oc4ccc5ccccc5c4)C2O3)cc1)NO,6.46,0,6
CHEMBL565289,O=C(O)CCCCC[C@@H]1NC(=O)[C@H](Cc2ccccc2)NC(=O)C[C@H](Cc2c[nH]c3ccccc23)NC(=O)[C@H](Cc2cccc3ccccc23)NC1=O,6.34,0,6
CHEMBL4168707,N#CCNC(=O)c1ccc(-c2ccnc(Nc3ccc(N4CCC(C(=O)Nc5ccc(C(=O)NO)cc5)CC4)cc3)n2)cc1,4.62,0,5
CHEMBL3314866,Nc1ccccc1NC(=O)/C=C/c1ccc(-c2nnc(Cc3c[nH]c4ccccc34)o2)cc1,5.82,0,5
CHEMBL3217994,C#Cc1cccc(Nc2ncnc3cc(NC(=O)c4ccc(C(=O)Nc5ccccc5N)s4)ccc23)c1,5.66,0,5
CHEMBL237558,Nc1ccccc1NC(=O)c1ccc(N2CC3CCC2CN3)nc1,6.39,0,5
CHEMBL4299448,CC[C@@H]1OC(=O)[C@@H](C)[C@H](O[C@H]2C[C@@](C)(OC)[C@](O)(CN(C)Cc3ccc(-c4cn(CCCCC(=O)NO)nn4)cc3)[C@H](C)O2)[C@H](C)[C@H](O[C@@H]2O[C@H](C)C[C@H](N(C)C)[C@H]2O)[C@@](C)(OC)C[C@H](C)C(=O)[C@@H](C)[C@@H](O)[C@@]1(C)O,5.43,0,5
CHEMBL4299469,CC[C@@H]1OC(=O)[C@@H](C)[C@H](O[C@H]2C[C@@](C)(OC)[C@@H](O)[C@H](C)O2)[C@@H](C)[C@H](O[C@H]2O[C@@H](C)C[C@@H](N(C)C)[C@@H]2O)[C@](C)(O)C[C@H](C)CN(Cc2ccc(-c3cn(CCCCC(=O)NO)nn3)cc2)[C@H](C)[C@H](O)[C@@]1(C)O,5.59,0,5
CHEMBL4299406,CC[C@H]1OC(=O)[C@H](C)[C@@H](O[C@@H]2C[C@](C)(OC)[C@H](O)[C@@H](C)O2)[C@@H](C)[C@@H](O[C@H]2O[C@@H](C)C[C@@H](N(C)Cc3ccc(-c4cn(CCCC(=O)NO)nn4)cc3)[C@@H]2O)[C@](C)(OC)C[C@@H](C)C(=O)[C@H](C)[C@H](O)[C@]1(C)O,5.0,0,5
CHEMBL564916,Nc1ccccc1NC(=O)CCCCCC(c1c[nH]c2ccccc12)c1c[nH]c2ccccc12,4.68,0,5
CHEMBL4165344,CS(=O)(=O)Nc1ccc(-c2ccnc(Nc3ccc(N4CCC(C(=O)NCc5ccc(C(=O)NO)cc5)CC4)cc3)n2)cc1,5.96,0,5
CHEMBL4164238,CS(=O)(=O)Nc1ccc(-c2ccnc(Nc3ccc(N4CCC(C(=O)Nc5ccccc5N)CC4)cc3)n2)cc1,5.68,0,5
CHEMBL4299445,CC[C@@H]1OC(=O)[C@H](C)[C@@H](O[C@@H]2C[C@](C)(OC)[C@H](O)[C@@H](C)O2)[C@@H](C)[C@@H](O[C@@H]2O[C@H](C)C[C@H](N(C)Cc3ccc(-c4cn(CCCCC(=O)NO)nn4)cc3)[C@H]2O)[C@](C)(O)C[C@@H](C)CN(C)[C@H](C)[C@@H](O)[C@]1(C)O,5.78,0,5
CHEMBL356769,O=C(CCCCCCC(=O)Nc1ccc([C@@H]2O[C@H](c3ccc(CO)cc3)C[C@H](CSc3nc(-c4ccccc4)c(-c4ccccc4)o3)O2)cc1)NO,6.094444444444445,0,6
CHEMBL1630108,O=C(/C=C/c1ccc(-c2ccc3ncnc(Nc4ccc(OCc5cccc(F)c5)c(Cl)c4)c3c2)s1)NO,4.62,0,5
CHEMBL4170168,N#CCNC(=O)c1ccc(-c2ccnc(Nc3ccc(N4CCC(C(=O)Nc5ccccc5N)CC4)cc3)n2)cc1,5.77,0,5
CHEMBL500254,COc1ccc2[nH]c(C)c(CC(=O)N[C@@H](CCCCCC(=O)NC(C)C)c3ncc(-c4ccc5ccccc5c4)[nH]3)c2c1,6.32,0,5
CHEMBL3689816,O=C(/C=C/c1ccn2c(CN3CCN(Cc4ccccc4)CC3)c(-c3ccccc3)nc2c1)NO,5.82,0,5
CHEMBL3670667,COc1ccc(-c2cc(-c3ccccc3)[nH]c2C(=O)NCc2ccc(C(=O)Nc3ccccc3S)cc2)cc1,6.06,0,5
CHEMBL2401848,CC/C(=C(\c1ccccc1)c1ccc(OCCN(C)Cc2ccc(-c3cn(CCCCCC(=O)NO)nn3)cc2)cc1)c1ccccc1,6.28,0,5
CHEMBL2387320,O=C(CCCCCCC(=O)NC[C@H]1O[C@@H]2O[C@@H]3[C@@H](CO)O[C@H](O[C@@H]4[C@@H](CO)O[C@H](O[C@@H]5[C@@H](CO)O[C@H](O[C@@H]6[C@@H](CO)O[C@H](O[C@@H]7[C@@H](CO)O[C@H](O[C@@H]8[C@@H](CO)O[C@H](O[C@H]1[C@H](O)[C@H]2O)[C@H](O)[C@H]8O)[C@H](O)[C@H]7O)[C@H](O)[C@H]6O)[C@H](O)[C@H]5O)[C@H](O)[C@H]4O)[C@H](O)[C@H]3O)NO,6.2,0,21
CHEMBL515109,Cc1ccc(NC(=O)c2ccc(C(=O)Nc3ccccc3N)s2)cc1Nc1ncc(-c2cccnc2)s1,5.95,0,5
CHEMBL1630110,O=C(/C=C/c1ccc(-c2ccc3ncnc(Nc4ccc(OCc5cccc(F)c5)c(Cl)c4)c3c2)cc1)NO,6.19,0,5
CHEMBL3896374,Nc1cnc(-c2ccccc2)cc1NC(=O)c1cnc2cc(N3CCNCC3)ccc2c1,5.91,0,5
CHEMBL2018445,COc1ccc(CN2CCc3c(c4ccccc4n3Cc3ccc(C(=O)NO)cc3)C2)cc1,5.33,0,5
CHEMBL4299472,CC[C@@H]1OC(=O)[C@H](C)[C@@H](O[C@@H]2C[C@](C)(OC)[C@H](O)[C@@H](C)O2)[C@@H](C)[C@@H](O[C@@H]2O[C@H](C)C[C@H](N(C)Cc3ccccc3-c3cn(CCCCCCC(=O)NO)nn3)[C@H]2O)[C@](C)(O)C[C@@H](C)CN(C)[C@H](C)[C@@H](O)[C@]1(C)O,6.04,0,5
CHEMBL4299435,CC[C@H]1OC(=O)[C@H](C)[C@@H](O[C@@H]2C[C@](C)(OC)[C@H](O)[C@@H](C)O2)[C@@H](C)[C@@H](O[C@H]2O[C@@H](C)C[C@@H](N(C)Cc3ccc(-c4cn(CCCCCC(=O)NO)nn4)cc3)[C@@H]2O)[C@](C)(OC)C[C@@H](C)C(=O)[C@H](C)[C@H](O)[C@]1(C)O,6.27,0,5
CHEMBL2442793,COc1cc([C@@H]2c3cc4c(cc3[C@@H](Nc3ccccc3OCCCC(=O)NO)[C@H]3COC(=O)[C@@H]32)OCO4)cc(OC)c1O,6.24,0,6
CHEMBL1096982,O=C(O)CC/C=C\C[C@@H]1NC(=O)[C@H]2CCCN2C(=O)[C@H](Cc2ccccc2)NC(=O)[C@H](Cc2c[nH]c3ccccc23)NC1=O,4.99,0,5
CHEMBL4086281,O=C(CCCCN1C(=O)[C@H](CCC(=O)NC(c2ccccc2)(c2ccccc2)c2ccccc2)N=C(c2ccccc2)c2ccccc21)NO,5.03,0,6
CHEMBL3982925,CCCc1nn(C)c2c(=O)[nH]c(-c3cc(N4CCC5(CCN(c6ncc(C(=O)NO)cn6)CC5)C4)ccc3OCC)nc12,6.35,0,6
CHEMBL2018446,O=C(NO)c1ccc(Cn2c3c(c4ccccc42)CN(Cc2ccncc2)CC3)cc1,5.56,0,5
CHEMBL217025,COc1ccc2[nH]c(C)c(CC(=O)N[C@@H](CCCCCC(N)=O)C(=O)NCCc3c(-c4ccccc4)[nH]c4ccccc34)c2c1,5.75,0,5
CHEMBL4238303,CCc1c2c(nc3ccc(O)cc13)-c1cc3c(c(=O)n1C2)COC(=O)[C@@]3(CC)OC(=O)CCCCCCCCCCC(=O)NO,4.9,0,5
CHEMBL3589351,O=C(CCCCCCC(=O)Nc1ccc(OS(=O)(=O)C2CC3OC2C(c2ccc(O)cc2)=C3c2ccc(O)cc2)cc1)NO,6.23,0,5
CHEMBL4167685,CS(=O)(=O)Nc1ccc(-c2ccnc(Nc3ccc(N4CCC(C(=O)Nc5ccc(C(=O)NO)cc5)CC4)cc3)n2)cc1,6.42,0,5
CHEMBL3417292,COc1cc2c(c(OC)c1OC)-c1ccc(OC)c(=O)cc1[C@@H](NCc1cccc(C(=O)Nc3cc(-c4cccs4)ccc3N)c1)CC2,4.59,0,6
CHEMBL3954259,CCCc1nn(C)c2c(=O)[nH]c(-c3cc(N4CCCC5(CCC(C(=O)NO)CC5)C4)ccc3OCC)nc12,5.03,0,5
CHEMBL4163675,CCOc1cc(C(C)(C)C)ccc1C1=N[C@@H](c2ccc(Cl)cc2)[C@@H](c2ccc(Cl)cc2)N1C(=O)N1CCN(CCCCCCC(=O)NO)CC1,6.05,0,5
CHEMBL4075511,O=C(Cc1ccc(CN2CCN(C(=O)c3cc(Cc4n[nH]c(=O)c5ccccc45)ccc3F)CC2)cc1)NO,6.04,0,5
CHEMBL4163017,CCOc1cc(C(C)(C)C)ccc1C1=NC(c2ccc(Cl)cc2)C(c2ccc(Cl)cc2)N1C(=O)N1CCN(Cc2ccc(C(=O)NO)cc2)CC1,5.46,0,6
CHEMBL4160754,CCOc1cc(C(C)(C)C)ccc1C1=NC(c2ccc(Cl)cc2)C(c2ccc(Cl)cc2)N1C(=O)N1CCN(CC(=O)NO)CC1,5.38,0,5
CHEMBL2442696,COc1cc([C@@H]2c3cc4c(cc3[C@@H](Nc3ccc(NC(=O)CCCCC(=O)NO)cc3)[C@H]3COC(=O)[C@@H]32)OCO4)cc(OC)c1O,5.55,0,6
CHEMBL4171353,CCOc1cc(C(C)(C)C)ccc1C1=NC(c2ccc(Cl)cc2)C(c2ccc(Cl)cc2)N1C(=O)N1CCN(CCCCC(=O)NO)CC1,6.01,0,5
CHEMBL3689764,O=C(/C=C/c1ccc2nc(CCc3ccccc3)c(Nc3ccc(N4CCCCC4)cc3)n2c1)NO,6.1,0,5
CHEMBL444232,COc1ccc2[nH]c(C)c(CC(=O)N[C@@H](CCCCCC(=O)NCc3ccccc3)c3ncc(-c4ccc5ccccc5c4)[nH]3)c2c1,6.0,0,6
CHEMBL403695,Nc1ccccc1NC(=O)c1ccc(CSc2nc3ccc(NCc4cccnc4)cc3s2)cc1,5.9,0,5
CHEMBL3235787,COc1ccc(-c2ccc(/C=C/C=C/C(=O)NO)cc2)cc1C12CC3CC(CC(C3)C1)C2,4.22,0,6
CHEMBL566817,O=C(O)CCCCC[C@@H]1NC(=O)[C@H](Cc2c(F)c(F)c(F)c(F)c2F)NC(=O)C[C@H](Cc2ccc(O)cc2)NC(=O)[C@H](Cc2cccc3ccccc23)NC1=O,6.0,0,5
CHEMBL4174805,CCOc1cc(C(C)(C)C)ccc1C1=NC(c2ccc(Cl)cc2)C(c2ccc(Cl)cc2)N1C(=O)N1CCN(CCCCCCC(=O)NO)CC1,6.09,0,5
CHEMBL384472,COc1ccc2[nH]c(C)c(CC(=O)N[C@H](CCCCCC(C)=O)C(=O)NCCc3c(-c4ccccc4)[nH]c4ccccc34)c2c1,5.5,0,5
CHEMBL3664026,CN1CCN(c2ccc3cc(C(=O)Nc4ccc(F)cc4N)cnc3c2C2CC2)CC1,5.79,0,5
CHEMBL274445,O=C(CCCCC[C@@H]1NC(=O)[C@H]2CCCCN2C(=O)[C@H](Cc2ccccc2)NC(=O)[C@H](Cc2ccccc2)NC1=O)C1CO1,6.09,0,5
CHEMBL4250057,CCc1c2c(nc3ccc(OC(=O)N4CCN(C(=O)CCCCCCCCC(=O)NO)CC4)cc13)-c1cc3c(c(=O)n1C2)COC(=O)[C@]3(O)CC,4.52,0,6
CHEMBL4211776,Cc1c2ccc(N(C)c3ccnc(Nc4ccc(C(=O)NCCCCCCCC(=O)Nc5ccccc5N)cc4)n3)cc2nn1C,5.84,0,5
CHEMBL2407731,CC(C)(C)OC(=O)N1C(NCc2ccc(C(=O)Nc3ccccc3N)cc2)=NC(=O)C1Cc1c[nH]c2ccccc12,6.3,0,5
CHEMBL4238745,CCc1c2c(nc3ccc(O)cc13)-c1cc3c(c(=O)n1C2)COC(=O)[C@@]3(CC)OC(=O)CCCCCCC(=O)O,4.57,0,5
CHEMBL4161826,CCOc1cc(C(C)(C)C)ccc1C1=NC(c2ccc(Cl)cc2)C(c2ccc(Cl)cc2)N1C(=O)N1CCC(C(=O)Nc2ccc(/C=C/C(=O)NO)cc2)CC1,6.01,0,6
CHEMBL474863,Nc1ccccc1NC(=O)c1ccc(C(=O)Nc2cccc(Nc3ncc(-c4cccnc4)s3)c2)cn1,6.35,0,5
CHEMBL3808986,CNC(=O)CCCCC[C@H](NC(=O)C12CCN(CC1)CC2)c1ncc(-c2ccc3ccccc3c2)[nH]1,6.47,0,6
CHEMBL3417211,COc1cc2c(c(OC)c1OC)-c1ccc(OC)c(=O)cc1[C@@H](NC(=O)c1cccc(C(=O)Nc3ccccc3N)c1)CC2,5.02,0,5
CHEMBL3891531,Nc1sc(-c2ccccc2)cc1NC(=O)c1cnc2cc(N3CCNCC3)ccc2c1,5.92,0,5
CHEMBL2396901,CN(C)CCCNC(=O)c1cc(NC(=O)c2cc(NC(=O)c3cc(NC(=O)c4nc(NC(=O)CCCNC(=O)c5cc(NC(=O)c6cc(NC(=O)c7cc(NC(=O)c8nc(NC(=O)CCNC(=O)CCNC(=O)c9ccc(NC(=O)CCCCCCC(=O)NO)cc9)cn8C)cn7C)cn6C)cn5C)cn4C)cn3C)cn2C)cn1C,6.43,0,9
CHEMBL384463,COc1ccc2[nH]c(C)c(CC(=O)N[C@@H](CCCCCC=O)C(=O)NCCc3c(-c4ccccc4)[nH]c4ccccc34)c2c1,6.46,0,5
CHEMBL564382,O=C(/C=C/c1ccc(C(c2c[nH]c3ccccc23)c2c[nH]c3ccccc23)cc1)NO,5.32,0,5
CHEMBL4248054,O=C(CCCCCCC(=O)Nc1ccc(Nc2nc(-c3cnn(CCCCCOc4ccccc4)c3)c3cc[nH]c3n2)cc1)NO,5.88,0,5
CHEMBL3417214,COc1cc2c(c(OC)c1OC)-c1ccc(OC)c(=O)cc1[C@@H](NCc1ccc(C(=O)Nc3cc(-c4cccs4)ccc3N)cc1)CC2,5.48,0,6
CHEMBL452733,COc1ccc2[nH]c(C)c(CC(=O)N[C@@H](CCCCCC(=O)Nc3nncs3)c3ncc(-c4ccc5ccccc5c4)[nH]3)c2c1,6.46,0,6
CHEMBL3664022,Nc1ccc(F)cc1NC(=O)c1cnc2c(C3CC3)c(N3CCNCC3)ccc2c1,6.33,0,5
CHEMBL2442694,COc1cc([C@@H]2c3cc4c(cc3[C@@H](Nc3ccc(OCCCCCCC(=O)Nc5ccccc5N)cc3)[C@H]3COC(=O)[C@@H]32)OCO4)cc(OC)c1O,4.85,0,7
CHEMBL2386909,CCc1c2c(nc3ccc(OCc4cn(CCCCCCCC(=O)NO)nn4)cc13)-c1cc3c(c(=O)n1C2)COC(=O)[C@]3(O)CC,6.43,0,6
CHEMBL3700342,COc1cc2ncnc(Nc3ccc(C(=O)Nc4ccccc4N)cc3)c2cc1OCCCN1CCOCC1,6.13,0,5
CHEMBL3664033,Nc1cc(F)ccc1NC(=O)c1cc2ccc(N3CCNCC3)c(C3CC3)c2cn1,6.33,0,5
CHEMBL563287,Nc1ccccc1NC(=O)CCCCC[C@@H]1NC(=O)[C@@H]2CCCN2C(=O)[C@H](Cc2ccccc2)NC(=O)[C@H](Cc2ccccc2)NC1=O,4.69,0,5
CHEMBL393116,CC(C)(C)OC(=O)N1CC2CCC1CN2c1ccc(C(=O)Nc2ccccc2N)cn1,6.17,0,5
CHEMBL3664090,Cc1nc(-c2ccccc2)sc1CNCc1ccc(C(=O)Nc2cc(-c3ccccc3)ccc2O)cc1,6.16,0,5
CHEMBL4248785,CCc1c2c(nc3ccc(O)cc13)-c1cc3c(c(=O)n1C2)COC(=O)[C@@]3(CC)OC(=O)CNC(=O)CCCCCCC(=O)NO,5.71,0,5
CHEMBL2023527,COc1cccc2c1C(=O)c1c(O)c3c(c(O)c1C2=O)C[C@@](O)(C(C)=O)C[C@@H]3O[C@H]1C[C@H](NCc2ccc(-c3cn(CCCCC(=O)NO)nn3)cc2)[C@H](O)[C@H](C)O1,5.34,0,7
CHEMBL4250122,O=C(CCCCCCC(=O)Nc1ccc(Nc2nc(-c3cnn(CC4CCCC4)c3)c3cc[nH]c3n2)cc1)NO,5.57,0,5
CHEMBL4228653,CCNC(=O)c1cc2c(-c3cccc(OCCCCCCOc4ccc(Nc5nc(-c6cnn(CCCCCCC(=O)NO)c6)c6cc[nH]c6n5)cc4)c3)nc(N)nc2s1,5.61,0,7
CHEMBL3890859,Nc1ccc(-c2ccccc2)cc1NC(=O)c1cnc2c(C3CC3)c(NCc3ccccc3)ccc2c1,6.19,0,6
CHEMBL4237816,CCc1c2c(nc3ccc(O)cc13)-c1cc3c(c(=O)n1C2)COC(=O)[C@@]3(CC)OC(=O)CCCCCCCCC(=O)NO,6.15,0,5
CHEMBL3217996,C#Cc1cccc(Nc2ncnc3cc(NC(=O)c4ccc(C(=O)Nc5ccccc5N)cc4)ccc23)c1,6.1,0,5
CHEMBL3889717,COCCN(C)c1cc2ncc(C(=O)Nc3cc(-c4cccs4)ccc3N)cc2cc1C1CC1,6.03,0,5
CHEMBL4249238,CCc1c2c(nc3ccc(O)cc13)-c1cc3c(c(=O)n1C2)COC(=O)[C@@]3(CC)OC(=O)CNC(=O)CCCCCCC(=O)O,4.56,0,5
CHEMBL241550,Nc1ccccc1NC(=O)c1ccc(Cn2c(=O)c3ccccc3n(CCN3CCOCC3)c2=O)cc1,6.4,0,5
CHEMBL2442796,COc1cc([C@@H]2c3cc4c(cc3[C@@H](Nc3ccccc3OCCCCC(=O)NO)[C@H]3COC(=O)[C@@H]32)OCO4)cc(OC)c1O,6.43,0,6
CHEMBL4248849,CCc1c2c(nc3ccc(O)cc13)-c1cc3c(c(=O)n1C2)COC(=O)[C@@]3(CC)OC(=O)CCCCCCCC(=O)NO,6.01,0,5
CHEMBL4239495,CCc1c2c(nc3ccc(OC(=O)N4CCN(C(=O)CCCCCCCCCCC(=O)NO)CC4)cc13)-c1cc3c(c(=O)n1C2)COC(=O)[C@]3(O)CC,4.96,0,6
CHEMBL3417209,COc1cc2c(c(OC)c1OC)-c1ccc(OC)c(=O)cc1[C@@H](NC(=O)c1ccc(C(=O)Nc3ccccc3N)cc1)CC2,4.8,0,5
CHEMBL4163059,CCOc1cc(C(C)(C)C)ccc1C1=NC(c2ccc(Cl)cc2)C(c2ccc(Cl)cc2)N1C(=O)N1CCC(Nc2ncc(C(=O)NO)cn2)CC1,6.0,0,6
CHEMBL4164148,CCOc1cc(C(C)(C)C)ccc1C1=NC(c2ccc(Cl)cc2)C(c2ccc(Cl)cc2)N1C(=O)N1CCN(CCCCCC(=O)NO)CC1,6.01,0,5
CHEMBL4299426,CC[C@H]1OC(=O)[C@H](C)[C@@H](O[C@@H]2C[C@](C)(OC)[C@@](O)(CN(C)Cc3ccc(-c4cn(CCCCCC(=O)NO)nn4)cc3)[C@@H](C)O2)[C@@H](C)[C@@H](O[C@H]2O[C@@H](C)C[C@@H](N(C)C)[C@@H]2O)[C@](C)(OC)C[C@@H](C)C(=O)[C@H](C)[C@H](O)[C@]1(C)O,6.19,0,5
CHEMBL1630118,O=C(NO)c1ccc(-c2ccc3ncnc(Nc4ccc(OCc5cccc(F)c5)c(Cl)c4)c3c2)s1,6.03,0,5
CHEMBL3217997,C#Cc1cccc(Nc2ncnc3ccc(NC(=O)c4ccc(C(=O)Nc5ccccc5N)s4)cc23)c1,5.07,0,5
CHEMBL4249598,CCc1c2c(nc3ccc(OC(=O)N4CCN(C(=O)CCCCCCCCCC(=O)NO)CC4)cc13)-c1cc3c(c(=O)n1C2)COC(=O)[C@]3(O)CC,4.76,0,6
CHEMBL3415971,Nc1nc2ncc(CNc3ccc(C(=O)N[C@@H](CCC(=O)NCCCC(=O)Nc4cc(-c5cccs5)ccc4N)C(=O)O)cc3)nc2c(=O)[nH]1,5.53,0,5
CHEMBL3589353,Cc1cccc(OS(=O)(=O)C2CC3OC2C(c2ccc(NC(=O)CCCCCCC(=O)O)cc2)=C3c2ccc(O)cc2)c1,5.53,0,5
CHEMBL3417213,COc1cc2c(c(OC)c1OC)-c1ccc(OC)c(=O)cc1[C@@H](NCc1ccc(C(=O)Nc3ccccc3N)cc1)CC2,4.9,0,5
CHEMBL168221,Nc1ccccc1NC(=O)/C=C/c1ccc(NS(=O)(=O)c2cccc3oc4ccccc4c23)cc1,6.4,0,5
CHEMBL3664023,Nc1ccccc1NC(=O)c1cnc2c(C3CC3)c(N3CCNCC3)ccc2c1,6.45,0,5
CHEMBL3969922,CCCc1nn(C)c2c(=O)[nH]c(-c3cc(NC4CCN(c5ccc(C(=O)NO)cc5)CC4)ccc3OCC)nc12,5.11,0,5
CHEMBL4168217,CCOc1cc(C(C)(C)C)ccc1C1=N[C@H](c2ccc(Cl)cc2)[C@H](c2ccc(Cl)cc2)N1C(=O)N1CCN(CCCCCCC(=O)NO)CC1,6.04,0,5
CHEMBL4169802,N#CCNC(=O)c1ccc(-c2ccnc(Nc3ccc(N4CCC(C(=O)Nc5ccc(/C=C/C(=O)NO)cc5)CC4)cc3)n2)cc1,5.29,0,5
CHEMBL1096986,O=C(CCCCC[C@@H]1NC(=O)[C@H](Cc2c[nH]c3ccccc23)NC(=O)[C@H]2CCCN2C(=O)[C@H](Cc2c[nH]c3ccccc23)NC1=O)NO,4.14,0,6
CHEMBL3314864,Nc1ccccc1NC(=O)/C=C/c1ccc(-c2nnc(Cc3cccc4ccccc34)o2)cc1,6.0,0,5
CHEMBL97629,Nc1ccccc1NC(=O)CCCCCN1C(=O)c2cccc3c(CN4CCOCC4)c(O)cc(c23)C1=O,6.3,0,5
CHEMBL3415972,Nc1nc2ncc(CNc3ccc(C(=O)N[C@@H](CCC(=O)NCCCCCCC(=O)Nc4cc(-c5cccs5)ccc4N)C(=O)O)cc3)nc2c(=O)[nH]1,6.36,0,5
CHEMBL3664109,O=C(Nc1cc(-c2ccccc2)ccc1O)c1ccc(CN2Cc3ccccc3C2)cc1,4.57,0,5
CHEMBL3700343,COc1cc2ncnc(Nc3ccc(C(=O)Nc4cc(F)ccc4N)cc3)c2cc1OCCCN1CCOCC1,6.48,0,5
CHEMBL3314867,Nc1ccccc1NC(=O)/C=C/c1ccc(Cc2nnc(Cc3cccc4ccccc34)o2)cc1,5.39,0,5
CHEMBL4097093,O=C(NO)c1ccc(CN2CCN(C(=O)c3cc(Cc4n[nH]c(=O)c5ccccc45)ccc3F)CC2)cc1,6.3,0,5
CHEMBL4087616,CN1C(=O)C2CN(Cc3c2c2ccccc2n3Cc2ccc(C(=O)NO)cc2)C1=O,5.945,0,5
CHEMBL4246259,CCc1c2c(nc3ccc(OC(=O)N4CCN(C(=O)CCCCCCC(=O)NO)CC4)cc13)-c1cc3c(c(=O)n1C2)COC(=O)[C@]3(O)CC,5.25,0,6
CHEMBL2018452,O=C(NO)c1ccc(Cn2c3c(c4ccccc42)CCN(Cc2ccccc2)C3)cc1,5.37,0,5
CHEMBL3670666,COc1ccc(-c2cc(-c3ccccc3)[nH]c2C(=O)NCc2ccc(C(=O)Nc3ccccc3N)cc2)cc1,6.42,0,5
CHEMBL2442697,COc1cc([C@@H]2c3cc4c(cc3[C@@H](Nc3ccc(NC(=O)CCCCCC(=O)NO)cc3)[C@H]3COC(=O)[C@@H]32)OCO4)cc(OC)c1O,6.23,0,6
CHEMBL2442699,COc1cc([C@@H]2c3cc4c(cc3[C@@H](Nc3cccc(NC(=O)CCCCC(=O)NO)c3)[C@H]3COC(=O)[C@@H]32)OCO4)cc(OC)c1O,5.84,0,6
CHEMBL3217999,C#Cc1cccc(Nc2ncnc3ccc(NC(=O)c4ccc(C(=O)Nc5ccccc5N)cc4)cc23)c1,4.98,0,5
CHEMBL4213341,Cc1c2ccc(N(C)c3ccnc(Nc4ccc(C(=O)Nc5ccccc5N)cc4)n3)cc2nn1C,6.23,0,5
CHEMBL3314865,Nc1ccccc1NC(=O)/C=C/c1ccc(-c2nnc(Cc3ccc4ccccc4c3)o2)cc1,5.62,0,5
CHEMBL4242465,CCc1c2c(nc3ccc(O)cc13)-c1cc3c(c(=O)n1C2)COC(=O)[C@@]3(CC)OC(=O)CCCCCCCCCC(=O)NO,5.21,0,5
CHEMBL4241995,CCc1c2c(nc3ccc(OC(=O)N4CCN(C(=O)CCCCCC(=O)NO)CC4)cc13)-c1cc3c(c(=O)n1C2)COC(=O)[C@]3(O)CC,4.87,0,6
CHEMBL3577698,CN1c2ccc(NC(=O)CCCC(=O)NO)cc2C(=O)N2CCc3c([nH]c4ccc(O)cc34)C21,6.28,0,5
CHEMBL3235790,N#CCc1ccc(-c2ccc(/C=C/C(=O)NO)cc2Cl)cc1C12CC3CC(CC(C3)C1)C2,4.31,0,6
CHEMBL3655940,O=C(NO)c1cnc(NC23CC4CC(CC(C4)C2)C3)nc1,6.26,0,5
CHEMBL4069655,Nc1ccccc1NC(=O)c1ccc(CNC(=O)c2cc3ccc(OCc4ccc(Br)cc4)cc3oc2=O)cc1,6.3,0,5
CHEMBL474208,Nc1ccccc1NC(=O)c1ccc(C(=O)Nc2cccc(Nc3ncc(-c4cccnc4)s3)c2)s1,6.33,0,5
CHEMBL4299427,CC[C@@H]1OC(=O)[C@H](C)[C@@H](O[C@@H]2C[C@](C)(OC)[C@H](O)[C@@H](C)O2)[C@@H](C)[C@@H](O[C@@H]2O[C@H](C)C[C@H](N(C)Cc3ccccc3-c3cn(CCCCCC(=O)NO)nn3)[C@H]2O)[C@](C)(O)C[C@@H](C)CN(C)[C@H](C)[C@@H](O)[C@]1(C)O,6.21,0,5
CHEMBL3958748,Nc1ccc(-c2ccccc2)nc1NC(=O)c1cnc2cc(N3CCNCC3)ccc2c1,5.71,0,5
CHEMBL2046610,O=C(Nc1ccc(C(=O)N2CCc3nc(C(=O)NO)sc3C2)cc1)c1ccc(-c2ccccc2)s1,5.59,0,5
CHEMBL412598,COc1ccc2[nH]c(C)c(CC(=O)N[C@@H](CCCCCC(C)=O)C(=O)NCCc3c(-c4ccccc4)[nH]c4ccccc34)c2c1,6.2,0,5
CHEMBL329745,Nc1ccccc1NC(=O)CCCCCN1C(=O)c2cccc3c(CN4CCCCC4)c(O)cc(c23)C1=O,5.7,0,5
CHEMBL1630107,O=C(/C=C/c1ccc(-c2ccc3ncnc(Nc4ccc(OCc5cccc(F)c5)c(Cl)c4)c3c2)o1)NO,6.21,0,5
CHEMBL4299456,CC[C@H]1OC(=O)[C@@H](C)[C@H](O[C@H]2C[C@@](C)(OC)[C@](O)(CN(C)Cc3ccc(-c4cn(CCCCC(=O)NO)nn4)cc3)[C@H](C)O2)[C@H](C)[C@H](O[C@H]2O[C@@H](C)C[C@@H](N(C)C)[C@@H]2O)[C@@](C)(O)C[C@H](C)CN(C)[C@@H](C)[C@H](O)[C@@]1(C)O,6.28,0,5
CHEMBL3577692,CN1c2ccc(NCc3ccc(-c4noc(CCCC(=O)NO)n4)cc3)cc2C(=O)N2CCc3c([nH]c4ccc(O)cc34)C21,6.49,0,7
CHEMBL4174687,CCOc1cc(C(C)(C)C)ccc1C1=NC(c2ccc(Cl)cc2)C(c2ccc(Cl)cc2)N1C(=O)NCCCCCCCC(=O)Nc1ccccc1N,5.45,0,5
CHEMBL4280893,CCCN1CC(=O)N2Cc3c(c4ccccc4n3Cc3ccc(C(=O)NO)cc3)CC2C1=O,5.07,0,5
CHEMBL4240012,O=C(CCCCCCC(=O)Nc1ccc(Nc2nc(-c3cnn(CCCCOc4ccccc4)c3)c3cc[nH]c3n2)cc1)NO,5.76,0,5
CHEMBL2401847,C[C@]12CC[C@@H]3c4ccc(O)cc4CC[C@H]3[C@@H]1CC[C@@]2(O)c1cn(CCCCCCCC(=O)NO)nn1,5.05,0,5
CHEMBL4173404,CCOc1cc(C(C)(C)C)ccc1C1=NC(c2ccc(Cl)cc2)C(c2ccc(Cl)cc2)N1C(=O)N1CCN(CCCCCCCC(=O)NO)CC1,6.39,0,5
CHEMBL2401844,C[C@]12CC[C@@H]3c4ccc(O)cc4CC[C@H]3[C@@H]1CC[C@@]2(O)c1cn(CCCCC(=O)NO)nn1,6.4,0,5
CHEMBL2396902,CN(C)CCCNC(=O)c1cc(NC(=O)c2cc(NC(=O)c3cc(NC(=O)c4nc(NC(=O)CCCNC(=O)c5cc(NC(=O)c6cc(NC(=O)c7cc(NC(=O)c8nc(NC(=O)CCNC(=O)CCNC(=O)CCCCCCC(=O)NO)cn8C)cn7C)cn6C)cn5C)cn4C)cn3C)cn2C)cn1C,6.31,0,8
CHEMBL3914813,CCOc1ccc(CC2CCN(c3ccc(C(=O)NO)cn3)CC2)cc1-c1nc2c(CC)nn(C)c2c(=O)[nH]1,5.73,0,5
CHEMBL3899814,CCCc1nn(C)c2c(=O)[nH]c(-c3cc(S(=O)(=O)N4CCN(Cc5ccc(/C=C/C(=O)NO)cc5)CC4)ccc3OCC)nc12,5.87,0,5
CHEMBL567457,CC1(C)NC(=O)C[C@H](Cc2c[nH]c3ccccc23)NC(=O)[C@H](Cc2cccc3ccccc23)NC(=O)[C@H](CCCCCC(=O)O)NC1=O,6.12,0,5
CHEMBL2018444,COc1cccc(CN2CCc3c(c4ccccc4n3Cc3ccc(C(=O)NO)cc3)C2)c1,5.29,0,5
CHEMBL4063279,O=C(CCCCN1C(=O)[C@H](Cc2cc3ccccc3[nH]2)N=C(c2ccccc2)c2ccccc21)NO,4.77,0,5
CHEMBL514511,CN(C(=O)c1ccc(C(=O)Nc2ccccc2N)cc1)c1cccc(Nc2nccc(-c3cccnc3)n2)c1,5.94,0,5
CHEMBL3689763,O=C(/C=C/c1ccc2nc(CCc3ccccc3)c(Nc3ccc4c(c3)OCO4)n2c1)NO,6.165,0,5
CHEMBL473826,Nc1ccccc1NC(=O)c1ccc(C(=O)Nc2cccc(Nc3ncc(-c4cccnc4)cn3)c2)cc1,6.12,0,5
CHEMBL254311,Nc1ccccc1NC(=O)c1ccc(CSc2nc3ccc(NCCN4CCOCC4)cc3s2)cc1,6.23,0,5
CHEMBL4102954,COc1ccc(COc2ccc3cc(C(=O)NCc4ccc(C(=O)Nc5ccccc5N)cc4)c(=O)oc3c2)cc1,6.15,0,5
CHEMBL4243822,O=C(CCCCCCC(=O)Nc1ccc(Nc2nc(-c3cnn(CCCCCCOc4ccccc4)c3)c3cc[nH]c3n2)cc1)NO,5.7,0,5
CHEMBL4078308,Nc1ccccc1NC(=O)c1ccc(CNC(=O)c2cc3ccc(OCc4ccc(Cl)c(Cl)c4)cc3oc2=O)cc1,6.33,0,5
CHEMBL3417212,COc1cc2c(c(OC)c1OC)-c1ccc(OC)c(=O)cc1[C@@H](NC(=O)c1cccc(C(=O)Nc3cc(-c4cccs4)ccc3N)c1)CC2,5.82,0,6
CHEMBL3217995,C#Cc1cccc(Nc2ncnc3cc(NC(=O)c4ccc(C(=O)Nc5ccccc5N)nc4)ccc23)c1,5.25,0,5
CHEMBL4207111,Cn1cc(-c2ccc(=O)n(CCOc3ccnc4cc(OCc5ccc(/C=C/C(=O)Nc6ccccc6N)nc5)ccc34)n2)cn1,6.2,0,6
CHEMBL4173507,CCOc1cc(C(C)(C)C)ccc1C1=NC(c2ccc(Cl)cc2)C(c2ccc(Cl)cc2)N1C(=O)NCc1ccc(C(=O)NO)cc1,5.43,0,5
CHEMBL4245802,CCc1c2c(nc3ccc(OC(=O)N4CCN(C(=O)CCCCCCCC(=O)NO)CC4)cc13)-c1cc3c(c(=O)n1C2)COC(=O)[C@]3(O)CC,4.71,0,6
CHEMBL4171605,CCOc1cc(C(C)(C)C)ccc1C1=NC(c2ccc(Cl)cc2)C(c2ccc(Cl)cc2)N1C(=O)NCCCCCCC(=O)Nc1ccccc1N,5.22,0,5
CHEMBL2018443,O=C(NO)c1ccc(Cn2c3c(c4ccccc42)CN(Cc2ccccc2)CC3)cc1,4.99,0,5
CHEMBL3417210,COc1cc2c(c(OC)c1OC)-c1ccc(OC)c(=O)cc1[C@@H](NC(=O)c1ccc(C(=O)Nc3cc(-c4cccs4)ccc3N)cc1)CC2,5.65,0,6
CHEMBL2046622,CC(c1ccc(NC(=O)c2ccc(-c3ccccc3)s2)nc1)N1CCc2nc(C(=O)NO)sc2C1,5.53,0,5
CHEMBL254310,Nc1ccccc1NC(=O)c1ccc(CSc2nc3ccc(NCc4ccccn4)cc3s2)cc1,6.34,0,5
CHEMBL515258,Cc1ccc(NC(=O)c2ccc(C(=O)Nc3ccccc3N)nc2)cc1Nc1ncc(-c2cccnc2)cn1,6.21,0,5
CHEMBL4285001,Nc1ccccc1NC(=O)c1ccc(CNC(=O)OCc2ccc(OCCOc3no[n+]([O-])c3S(=O)(=O)c3ccccc3)nc2)cc1,5.99,0,5
CHEMBL4209189,Cn1cc(-c2ccc(=O)n(CCOc3ccnc4cc(-c5ccc(C(=O)Nc6ccccc6N)s5)ccc34)n2)cn1,6.33,0,6
CHEMBL3589347,COC(=O)CCCCCCC(=O)Nc1ccc(OS(=O)(=O)C2CC3OC2C(c2ccc(O)cc2)=C3c2ccc(O)cc2)cc1,6.27,0,5
CHEMBL4170056,CCOc1cc(C(C)(C)C)ccc1C1=NC(c2ccc(Cl)cc2)C(c2ccc(Cl)cc2)N1C(=O)N1CCC(C(=O)NO)CC1,5.01,0,5
